timesteps,0,1,2,3,4,5,6,7,8,9,10,11,12,13,14,15,16,17,18,19,20,21,22,23,24,25,26,27,28,29,30,31,32,33,34,35,36,37,38,39,40,41,42,43,44,45,46,47,48,49,50,51,52,53,54,55,56,57,58,59,60,61,62,63,64,65,66,67,68,69,70,71,72,73,74,75,76,77,78,79,80,81,82,83,84,85,86,87,88,89,90,91,92,93,94,95,96,97,98,99
0,1671.7705,2528.0916,3393.5608,4270.9893,5164.995,6058.2676,6954.2505,7855.5615,8770.982,9697.902,10626.941,11575.056,12535.891,13512.944,14489.506,15504.401,16519.984,17547.688,18610.473,19687.158,20784.896,21905.941,23036.906,24193.4,25375.85,26582.895,27791.74,29023.916,30263.4,31543.309,32823.97,34134.367,35439.125,36787.312,38152.984,39547.1,40960.324,42392.465,43835.375,45319.438,46818.043,48346.01,49905.105,51482.67,53069.85,54670.535,56303.258,57951.805,59623.99,61329.727,63060.516,64806.246,66582.37,68392.93,70241.414,72114.91,74023.336,75988.984,78008.02,80092.83,82231.03,84421.26,86687.76,89024.69,91451.805,93951.5,96573.72,99292.16,102127.62,105066.32,108142.91,111356.33,114718.04,118240.5,121942.77,125831.63,129934.7,134217.39,138746.34,143532.75,148539.08,153890.58,159545.67,165566.56,172057.0,178979.7,186344.19,194257.47,202773.2,212064.19,222206.12,233378.83,245733.03,259742.73,275467.0,293534.75,314213.62,339089.25,369686.62,410334.3
1,1584.1848,2415.3394,3261.7786,4124.543,4994.127,5874.0776,6769.5527,7676.8945,8578.879,9485.576,10411.185,11349.382,12296.164,13257.337,14233.849,15219.445,16230.122,17237.3,18268.32,19322.74,20399.658,21503.775,22626.537,23741.338,24908.826,26082.3,27292.55,28509.422,29772.455,31051.652,32334.68,33656.145,34987.68,36348.05,37746.3,39172.832,40641.914,42132.566,43648.758,45184.43,46741.32,48330.043,49962.812,51620.54,53302.637,55017.656,56761.492,58535.676,60359.113,62201.457,64111.027,66035.15,68026.61,70052.52,72131.805,74243.87,76406.43,78616.23,80879.07,83211.125,85614.086,88107.67,90671.086,93316.75,96036.17,98847.234,101731.52,104717.61,107820.195,111013.695,114356.97,117820.96,121421.6,125159.53,129086.55,133182.86,137469.06,141969.64,146705.66,151706.36,156985.98,162524.4,168396.98,174620.88,181156.89,188106.75,195446.6,203245.55,211576.14,220469.84,230186.03,240844.7,252754.39,266012.38,280854.94,297721.4,317216.6,340127.28,368503.94,404569.0
2,1639.4779,2443.2905,3255.9907,4096.977,4940.9023,5813.3086,6701.822,7587.7695,8494.886,9412.908,10340.52,11272.092,12226.641,13185.735,14157.427,15160.656,16191.809,17230.758,18294.322,19357.816,20445.57,21542.615,22644.027,23783.088,24932.812,26087.72,27287.992,28509.34,29733.52,30983.783,32265.938,33563.26,34896.883,36232.273,37611.293,39011.65,40439.484,41891.51,43369.16,44862.734,46361.254,47865.95,49390.918,50948.523,52521.977,54092.836,55669.117,57279.86,58909.684,60553.055,62234.38,63961.723,65709.336,67503.58,69347.18,71240.164,73181.48,75173.59,77222.445,79328.9,81499.586,83735.33,86030.87,88410.98,90880.91,93427.05,96106.25,98869.7,101747.63,104736.36,107870.0,111147.734,114596.5,118190.016,121964.48,125932.7,130076.31,134461.19,139090.94,144011.23,149184.56,154646.06,160444.56,166658.03,173292.17,180404.73,188038.78,196275.45,205140.94,214731.98,225181.7,236748.16,249465.66,263740.38,279568.34,297572.34,318306.66,343079.8,373735.72,415186.56
3,1645.9211,2465.4155,3295.5115,4153.5566,5002.293,5851.3447,6721.684,7604.5093,8497.639,9388.087,10291.517,11203.675,12118.356,13066.342,14028.398,15004.924,15991.975,16990.348,17996.387,19051.04,20109.258,21192.87,22289.691,23407.023,24538.7,25693.293,26874.793,28073.45,29304.877,30547.932,31834.098,33158.91,34487.06,35836.73,37206.02,38595.902,40018.594,41454.543,42911.137,44394.1,45871.73,47401.645,48942.33,50501.56,52070.484,53685.16,55301.86,56947.793,58612.492,60291.812,62004.883,63755.758,65550.07,67383.836,69264.234,71183.87,73156.61,75168.22,77260.34,79410.04,81629.766,83920.016,86275.27,88725.94,91248.72,93879.36,96616.77,99438.43,102382.086,105463.74,108657.516,111977.05,115454.984,119092.4,122908.234,126908.94,131139.98,135548.23,140235.95,145140.25,150334.48,155816.36,161662.1,167918.6,174552.66,181708.2,189303.02,197443.19,206285.83,215854.22,226321.77,237822.02,250588.92,264748.28,280735.03,298845.47,319590.66,343938.28,374254.06,414557.25
4,1679.682,2526.105,3383.972,4256.582,5143.4395,6037.5234,6951.1533,7882.6187,8822.803,9771.376,10747.264,11730.654,12723.163,13735.324,14727.511,15753.634,16801.705,17881.85,18962.703,20069.621,21204.496,22338.635,23507.52,24704.375,25913.154,27157.852,28411.889,29675.336,30958.184,32276.146,33618.16,34977.223,36367.26,37773.094,39200.81,40664.06,42139.117,43641.28,45161.85,46698.246,48266.22,49889.652,51522.38,53191.98,54891.773,56611.473,58374.02,60157.05,61984.836,63842.5,65745.055,67663.055,69615.25,71611.4,73642.6,75722.43,77831.95,79976.555,82163.76,84428.1,86758.68,89142.445,91564.1,94079.516,96675.055,99342.27,102112.5,104966.62,107966.266,111080.805,114310.61,117678.625,121212.03,124910.01,128791.484,132837.88,137072.64,141582.86,146311.75,151231.62,156435.44,161954.39,167760.92,173856.08,180295.58,187087.98,194263.67,201830.58,209805.98,218381.27,227584.06,237595.58,248601.25,260546.34,273910.28,288966.06,305966.75,326197.0,351005.72,382214.8
5,1768.2612,2440.1138,3123.4946,3825.264,4533.943,5258.4043,5984.006,6738.436,7486.4,8246.958,9019.476,9795.328,10560.721,11355.067,12151.302,12963.894,13780.953,14627.518,15480.668,16342.2705,17225.188,18118.023,19023.652,19940.125,20885.646,21821.963,22775.918,23761.008,24763.246,25758.043,26779.15,27810.943,28846.514,29901.426,30996.393,32113.605,33241.656,34389.855,35558.3,36777.895,38004.73,39256.344,40511.355,41817.664,43129.535,44510.65,45886.066,47299.84,48745.613,50227.348,51769.88,53322.023,54926.46,56588.44,58284.08,60028.89,61826.3,63677.1,65595.445,67570.305,69614.82,71724.47,73872.59,76118.125,78487.87,80924.484,83458.87,86096.04,88847.12,91733.22,94746.94,97909.09,101246.836,104703.375,108338.88,112166.89,116201.34,120400.99,124802.37,129481.44,134430.61,139611.95,145167.81,151092.45,157444.17,164268.62,171669.14,179679.3,188344.11,197891.2,208537.9,220438.92,233704.23,248589.4,265269.8,284248.2,306234.0,332314.0,365257.2,409530.4
6,1565.7771,2445.6484,3335.5142,4241.2305,5177.8315,6108.645,7062.979,8029.3604,9039.378,10045.043,11072.935,12096.377,13157.293,14222.049,15292.55,16381.592,17480.43,18586.092,19710.422,20867.25,22033.822,23206.273,24405.926,25637.373,26896.908,28193.846,29500.666,30815.629,32173.658,33559.56,34958.566,36369.543,37822.574,39292.203,40788.996,42314.934,43875.094,45462.043,47067.297,48692.867,50340.68,52035.438,53744.5,55480.57,57246.617,59055.13,60879.082,62752.523,64662.734,66601.72,68577.31,70578.734,72633.875,74711.74,76853.83,79041.695,81262.805,83540.43,85874.98,88267.91,90705.086,93235.56,95832.07,98510.32,101275.57,104092.32,107012.32,110024.234,113105.78,116287.805,119584.21,123008.125,126533.0,130224.78,134043.36,138023.48,142161.39,146464.34,150966.19,155684.03,160598.34,165766.9,171131.77,176749.73,182665.22,188784.28,195194.0,201940.81,208946.39,216287.53,224061.39,232587.31,242157.72,252950.55,265134.6,279091.5,294875.9,313380.88,335674.6,363029.2
7,1628.688,2460.5513,3306.6162,4175.482,5054.587,5945.5977,6865.9243,7800.2617,8733.637,9673.768,10610.358,11572.221,12546.29,13542.446,14543.941,15557.471,16605.965,17670.54,18743.537,19839.365,20948.602,22071.875,23215.033,24389.275,25579.316,26793.422,28033.434,29281.97,30556.438,31864.77,33189.38,34541.047,35908.414,37307.89,38730.01,40166.203,41635.656,43119.945,44630.727,46162.562,47725.266,49308.85,50911.97,52531.516,54162.508,55808.625,57473.945,59187.2,60928.457,62708.348,64486.613,66271.09,68084.85,69946.695,71847.47,73772.5,75757.36,77787.69,79868.56,82014.32,84231.76,86511.02,88875.95,91318.15,93850.13,96475.695,99205.23,102046.89,105009.52,108108.59,111367.2,114763.016,118294.36,122024.85,125931.45,130009.57,134295.23,138826.36,143639.44,148703.22,154082.98,159782.88,165799.64,172269.67,179176.0,186544.47,194520.22,203072.52,212358.06,222292.03,233216.19,245251.22,258561.25,273302.53,289855.62,308431.0,329749.53,355268.78,387019.78,429765.7
8,1709.2227,2563.1948,3414.033,4294.9014,5174.657,6061.972,6964.4526,7878.856,8805.307,9743.446,10695.79,11671.926,12647.522,13646.411,14654.003,15658.179,16680.273,17708.06,18768.69,19842.635,20924.725,22025.416,23149.602,24299.596,25457.617,26647.564,27853.36,29078.766,30351.541,31631.906,32917.68,34243.03,35580.117,36920.676,38268.89,39626.566,41004.8,42379.793,43785.438,45201.098,46640.65,48101.508,49592.88,51088.582,52590.01,54110.45,55657.92,57216.79,58821.215,60446.855,62103.777,63799.605,65539.46,67317.14,69125.6,70985.586,72904.766,74867.63,76891.586,78981.18,81122.14,83360.24,85653.25,88011.25,90478.71,93039.3,95702.22,98495.83,101391.766,104413.15,107591.555,110924.734,114421.22,118086.32,121949.29,125999.44,130264.36,134727.88,139451.27,144443.66,149719.61,155322.77,161260.81,167584.34,174382.81,181520.8,189202.53,197442.98,206403.61,216076.28,226611.23,238102.2,250844.83,264882.4,280572.03,298125.9,318321.2,342126.12,371467.16,409710.38
9,1745.851,2450.4648,3162.2686,3880.8972,4614.1655,5349.959,6090.593,6841.3623,7618.76,8387.976,9160.295,9951.951,10748.056,11550.313,12365.493,13197.09,14039.546,14893.54,15754.161,16638.176,17518.256,18429.303,19336.873,20266.635,21221.387,22192.494,23174.873,24174.627,25185.973,26231.871,27289.156,28363.986,29473.68,30595.533,31734.4,32919.934,34100.387,35301.008,36535.26,37780.68,39062.633,40362.277,41675.89,43046.21,44401.47,45795.95,47235.43,48680.973,50172.426,51706.117,53240.09,54843.207,56462.26,58144.816,59862.72,61638.855,63442.05,65304.68,67203.87,69169.75,71192.92,73313.445,75470.59,77710.67,80034.26,82470.375,85005.625,87638.695,90388.164,93256.08,96286.664,99444.26,102753.69,106220.9,109857.83,113724.836,117768.62,122041.766,126542.9,131299.23,136349.88,141677.42,147352.42,153417.72,159856.7,166744.5,174193.34,182231.52,190947.75,200445.83,210702.42,222030.9,234560.47,248441.45,263825.72,281315.1,301212.34,324702.9,353954.03,392948.16
10,1736.6064,2531.5247,3329.5437,4147.2373,4960.9395,5781.0825,6612.111,7454.876,8302.976,9165.148,10038.002,10907.017,11799.412,12701.918,13613.619,14530.962,15465.313,16405.947,17365.408,18337.932,19338.11,20345.867,21375.254,22394.07,23457.502,24483.885,25545.701,26615.842,27701.922,28800.008,29928.305,31063.729,32209.154,33373.023,34558.22,35757.37,36944.547,38182.766,39451.11,40753.26,42022.527,43345.17,44690.434,46081.133,47499.98,48996.195,50515.652,52060.61,53636.613,55251.445,56896.28,58606.812,60333.31,62115.59,63927.61,65754.22,67677.3,69680.51,71714.14,73791.734,75944.88,78155.27,80439.54,82795.29,85221.98,87729.84,90333.37,93029.52,95836.516,98772.64,101846.36,105035.53,108384.17,111854.08,115516.09,119309.02,123266.234,127417.61,131765.02,136349.86,141157.5,146263.97,151707.17,157486.62,163655.08,170239.0,177315.89,185041.36,193405.64,202685.95,212952.0,224485.02,237587.44,252548.06,269849.75,290037.38,313491.75,341890.38,376933.97,424722.3
11,1682.4321,2552.1704,3427.172,4322.282,5224.2563,6157.487,7102.468,8060.2046,9028.805,9998.808,10979.5,11972.529,12967.962,13977.936,14970.801,15998.218,17050.35,18113.385,19180.725,20269.05,21382.062,22516.643,23667.098,24828.406,26026.104,27234.186,28472.928,29724.5,31002.996,32297.094,33604.734,34950.426,36306.37,37692.69,39090.746,40494.85,41939.633,43372.094,44812.18,46288.836,47776.49,49282.258,50810.785,52368.047,53948.37,55529.914,57143.625,58774.496,60433.62,62109.81,63833.625,65575.97,67357.2,69172.45,71032.484,72936.11,74895.09,76903.92,78978.17,81115.234,83308.445,85550.55,87870.31,90278.07,92774.836,95348.82,98017.77,100752.93,103607.63,106614.08,109739.51,113035.805,116439.21,120029.836,123778.54,127709.38,131841.88,136185.94,140769.34,145631.02,150777.02,156210.53,162003.9,168150.72,174698.75,181637.67,189045.66,197010.48,205519.05,214653.53,224486.67,235186.95,247029.28,260233.56,274985.1,291627.62,310927.94,333851.66,362472.3,399530.62
12,1706.3016,2482.1345,3267.0442,4054.5645,4854.3,5668.205,6493.245,7339.293,8187.028,9028.227,9904.001,10784.752,11657.697,12574.092,13478.227,14418.482,15346.823,16297.005,17260.473,18232.736,19222.266,20230.148,21199.727,22242.488,23251.953,24288.291,25344.479,26403.162,27417.352,28492.592,29608.846,30722.857,31857.498,33014.49,34188.9,35358.18,36553.11,37782.938,39052.848,40299.887,41582.883,42891.88,44225.906,45581.453,46980.543,48390.65,49873.305,51386.723,52917.273,54515.137,56108.566,57779.91,59481.5,61227.992,63021.273,64847.35,66715.516,68615.72,70580.29,72578.84,74631.42,76760.43,78949.086,81259.84,83636.82,86081.77,88640.445,91297.67,94070.266,96942.234,99972.14,103147.36,106415.59,109871.05,113457.17,117217.27,121125.14,125227.58,129545.65,134107.89,138935.5,143980.47,149340.5,155066.61,161176.22,167767.75,174922.78,182546.28,190971.95,200317.98,210607.44,222245.86,235433.94,250392.47,267445.78,287331.38,310610.84,338345.03,372376.38,416935.8
13,1720.575,2556.2832,3399.4768,4271.561,5157.519,6051.9614,6950.822,7858.1743,8760.659,9682.745,10612.893,11559.337,12515.132,13482.785,14442.46,15441.636,16444.246,17452.86,18483.986,19518.91,20582.326,21643.244,22741.111,23854.275,24968.83,26111.926,27272.744,28448.664,29647.45,30850.781,32088.621,33349.34,34627.32,35943.03,37281.21,38649.992,40042.258,41444.86,42880.508,44321.016,45797.84,47282.965,48775.23,50291.105,51828.33,53388.426,54982.133,56602.82,58231.984,59897.45,61576.004,63283.195,65015.938,66784.82,68589.64,70455.57,72365.53,74330.44,76334.69,78409.28,80552.16,82754.78,85030.45,87388.34,89836.82,92369.33,95008.84,97747.55,100611.75,103601.84,106698.414,109959.26,113353.18,116940.7,120678.625,124631.2,128745.89,133072.86,137632.22,142426.83,147508.05,152883.56,158624.05,164770.77,171308.45,178405.44,186030.0,194254.78,203237.48,213071.39,223782.86,235743.94,249140.36,264038.4,280943.88,300155.22,322471.7,348999.2,382216.62,427230.6
14,1676.2039,2460.3894,3257.569,4067.122,4876.6587,5711.2466,6549.1978,7403.825,8287.054,9171.118,10058.416,10978.813,11920.433,12873.312,13848.667,14851.9375,15866.509,16892.71,17940.338,19003.6,20087.408,21190.107,22307.021,23448.982,24619.953,25786.307,26989.574,28199.984,29427.402,30673.238,31934.648,33226.227,34526.117,35854.94,37209.875,38569.246,39949.816,41367.062,42792.695,44249.617,45741.355,47241.08,48768.21,50300.113,51856.406,53429.273,55025.094,56655.258,58310.105,59958.22,61638.438,63333.84,65057.93,66817.41,68605.06,70447.54,72335.54,74281.49,76287.02,78345.086,80470.78,82663.734,84955.19,87308.02,89760.7,92275.625,94910.57,97664.71,100522.13,103475.08,106596.08,109826.7,113216.45,116789.5,120520.18,124414.98,128534.164,132832.83,137367.34,142132.1,147208.31,152506.08,158191.86,164173.56,170585.47,177419.0,184831.33,192793.66,201521.36,210971.3,221336.83,232820.4,245679.31,260025.52,276241.1,294521.03,315390.72,339983.7,370698.28,412904.4
15,1634.7188,2514.4514,3418.3025,4323.143,5239.866,6153.833,7076.436,8017.8755,8957.986,9912.074,10866.012,11831.814,12811.281,13822.819,14825.779,15869.136,16932.223,17992.941,19079.41,20191.562,21306.824,22451.865,23617.117,24786.676,25975.797,27193.586,28427.355,29697.947,30975.977,32273.846,33587.14,34926.52,36279.15,37655.65,39052.18,40479.906,41908.934,43358.52,44814.7,46301.38,47799.26,49307.125,50858.39,52430.215,54004.94,55578.926,57164.13,58775.65,60424.273,62093.73,63799.324,65557.234,67352.12,69181.65,71043.14,72956.35,74919.81,76958.82,79030.8,81181.53,83378.33,85649.77,88008.125,90452.586,92957.79,95576.45,98292.875,101112.32,104067.2,107123.9,110293.45,113613.81,117094.195,120726.24,124548.75,128541.74,132751.28,137167.72,141831.86,146736.14,151951.38,157436.17,163260.56,169440.83,176069.73,183143.97,190739.47,198867.88,207660.12,217119.3,227453.84,238826.84,251409.47,265354.3,281020.78,298740.25,319033.25,343136.62,373030.66,412352.03
16,1598.2886,2419.7808,3252.306,4089.291,4951.7705,5836.564,6724.0664,7622.3096,8524.328,9461.053,10409.988,11364.784,12322.56,13292.329,14288.556,15313.968,16341.807,17387.006,18441.574,19527.924,20617.816,21727.883,22871.914,24034.656,25189.377,26383.043,27593.97,28840.893,30110.383,31393.145,32700.086,34039.46,35391.258,36760.363,38167.84,39594.773,41042.1,42532.137,44029.67,45564.258,47112.668,48706.246,50317.08,51950.35,53630.555,55344.7,57077.33,58823.586,60625.113,62463.625,64349.363,66274.87,68235.29,70218.97,72235.81,74323.125,76441.81,78626.97,80850.27,83150.78,85505.41,87913.664,90393.14,92977.02,95606.19,98328.734,101177.22,104134.05,107181.42,110344.31,113639.19,117060.62,120623.33,124322.72,128186.12,132270.2,136542.53,140960.73,145624.0,150557.92,155780.75,161260.48,167050.47,173156.17,179636.4,186510.53,193756.94,201486.62,209764.97,218643.8,228239.14,238844.94,250463.77,263268.22,277670.62,293998.3,312723.03,334904.38,362659.62,398565.94
17,1667.684,2531.4604,3412.8237,4315.3726,5220.6753,6138.1455,7054.4263,7985.939,8933.508,9887.924,10859.642,11843.166,12836.399,13849.467,14886.402,15938.973,17009.63,18101.756,19213.344,20356.922,21508.37,22671.707,23866.238,25083.203,26320.188,27577.037,28839.201,30142.44,31459.875,32803.273,34161.645,35531.83,36942.906,38357.945,39785.316,41235.668,42721.984,44225.617,45767.227,47299.75,48857.727,50434.664,52025.734,53628.04,55249.777,56895.79,58564.68,60264.113,61993.223,63740.285,65528.27,67336.39,69184.25,71044.055,72963.08,74894.0,76867.24,78890.87,80962.695,83104.03,85307.055,87573.15,89905.62,92301.14,94806.7,97385.44,100091.24,102875.17,105757.34,108774.7,111933.66,115231.36,118672.945,122255.3,126055.91,130038.96,134243.11,138632.12,143281.25,148231.45,153430.48,159002.48,164885.44,171202.66,177913.23,185009.38,192559.48,200633.03,209311.17,218562.62,228653.25,239767.94,252021.77,265759.16,281410.12,299279.47,319998.3,344657.78,375463.06,415931.12
18,1669.7439,2504.8804,3338.0906,4177.291,5022.8047,5872.7456,6728.285,7611.4995,8499.348,9400.4795,10326.559,11252.86,12191.227,13125.608,14089.48,15062.9,16037.486,17029.48,18048.215,19079.77,20118.95,21184.89,22256.6,23338.053,24455.916,25582.96,26723.043,27894.436,29065.494,30268.102,31499.951,32740.324,34006.773,35291.86,36601.004,37937.69,39291.008,40669.855,42071.84,43503.402,44953.586,46428.816,47919.24,49416.984,50927.695,52472.977,54040.367,55645.375,57264.617,58913.156,60565.074,62262.594,63984.42,65731.16,67504.695,69342.734,71232.71,73149.31,75121.88,77163.73,79278.414,81415.45,83652.56,85969.02,88366.58,90848.65,93409.15,96099.17,98900.664,101821.12,104847.11,108018.67,111342.8,114804.33,118435.25,122255.51,126295.664,130511.555,134986.73,139687.48,144676.3,149951.83,155586.56,161561.0,168002.81,174902.61,182311.94,190301.61,199019.78,208603.5,219137.55,230826.6,243776.44,258277.3,274675.38,293155.34,314836.1,340489.78,373189.22,418068.0
19,1623.5674,2475.6016,3327.3345,4192.1436,5064.354,5941.8633,6823.7803,7734.8022,8648.0,9581.339,10525.469,11482.649,12452.712,13434.163,14428.434,15439.962,16460.254,17511.441,18572.814,19650.871,20747.17,21868.443,22999.617,24154.842,25320.668,26516.102,27722.18,28970.645,30232.543,31518.3,32824.117,34166.055,35527.082,36901.812,38294.66,39722.69,41181.805,42667.484,44171.414,45705.668,47280.12,48870.48,50468.84,52097.875,53750.902,55429.707,57134.887,58867.957,60624.586,62423.426,64254.758,66110.195,67968.4,69848.42,71791.7,73757.46,75754.09,77817.0,79918.8,82087.64,84329.99,86625.95,88995.414,91463.24,94031.38,96662.98,99395.64,102230.055,105186.7,108268.234,111500.37,114872.44,118406.13,122062.09,125932.945,130000.61,134274.05,138721.84,143415.03,148399.88,153647.7,159233.56,165188.03,171521.05,178313.19,185513.8,193262.22,201691.77,210860.33,220928.88,231998.58,244298.38,257961.48,273104.1,290151.25,309300.5,331591.12,358007.75,390866.53,434229.94
20,1571.3245,2433.0498,3310.2568,4209.2915,5115.4907,6032.096,6971.0786,7919.542,8889.226,9856.093,10850.496,11830.721,12818.279,13848.734,14877.636,15924.001,16981.5,18073.107,19158.951,20280.424,21411.822,22571.96,23744.38,24948.13,26168.842,27406.492,28673.871,29959.816,31279.006,32621.613,34004.473,35387.863,36809.098,38265.13,39748.7,41276.227,42831.63,44403.695,45997.137,47630.957,49283.492,50968.207,52686.152,54424.516,56199.523,58020.395,59860.562,61715.61,63621.37,65568.63,67550.68,69551.766,71620.37,73705.06,75822.06,78021.516,80256.11,82551.07,84883.836,87272.91,89728.25,92256.48,94843.33,97506.47,100244.18,103078.414,106006.01,109021.305,112178.086,115432.88,118806.71,122323.95,125988.75,129781.664,133750.3,137905.67,142237.69,146735.73,151467.94,156440.27,161673.34,167112.1,172851.11,178918.86,185277.44,192027.4,199109.53,206565.34,214372.6,222696.5,231695.55,241485.06,252318.92,264361.56,277846.84,293306.12,310809.66,331423.12,356193.3,387306.47
21,1735.3062,2482.5208,3248.095,4029.1956,4822.6636,5621.5454,6432.0825,7248.0957,8071.8125,8897.479,9732.769,10580.685,11445.009,12316.583,13189.087,14082.235,14956.362,15846.639,16749.424,17664.006,18601.957,19546.041,20496.709,21481.37,22473.793,23446.479,24455.48,25476.37,26514.637,27557.994,28608.645,29679.86,30791.54,31925.719,33072.77,34244.543,35416.04,36630.504,37874.094,39124.2,40407.87,41734.24,43087.69,44475.008,45890.72,47333.06,48796.24,50288.945,51823.17,53377.445,54977.79,56609.105,58300.668,60042.355,61827.594,63654.387,65521.81,67436.94,69415.27,71463.07,73564.58,75743.56,77989.42,80317.17,82712.59,85202.55,87787.016,90488.516,93298.4,96226.71,99265.43,102447.29,105744.64,109214.69,112817.69,116571.57,120467.555,124545.77,128827.484,133326.55,138052.8,143018.31,148290.47,153923.83,159874.4,166204.19,173012.36,180423.61,188528.56,197415.22,207337.34,218364.8,230898.86,245123.2,261555.53,280570.62,302839.72,329784.72,363576.75,409411.06
22,1645.4281,2478.0034,3315.8982,4174.9653,5041.243,5904.467,6790.453,7671.3765,8570.272,9462.958,10380.703,11303.403,12233.164,13202.234,14171.099,15142.027,16131.575,17134.006,18157.865,19204.664,20266.0,21337.977,22415.781,23528.484,24658.826,25779.693,26950.61,28134.006,29339.168,30562.979,31801.234,33064.715,34338.055,35661.863,36999.695,38347.332,39724.5,41131.453,42566.61,43998.137,45465.492,46965.977,48459.992,50003.035,51570.426,53186.887,54844.996,56528.562,58244.15,59984.508,61775.04,63587.516,65469.33,67371.51,69304.26,71260.99,73246.8,75284.78,77369.84,79507.62,81708.805,83964.78,86306.16,88707.26,91218.06,93815.83,96503.54,99270.016,102176.266,105185.5,108351.87,111655.914,115096.2,118700.48,122487.41,126428.086,130567.8,134932.72,139480.9,144303.31,149384.69,154779.84,160539.64,166619.22,173154.92,180153.62,187653.72,195716.6,204491.7,214068.66,224573.23,236123.56,249110.03,263581.97,279904.4,298112.66,319049.62,343732.34,374528.34,415693.97
23,1609.4298,2449.5513,3302.5532,4174.568,5060.622,5946.4526,6853.816,7778.22,8716.406,9669.712,10639.443,11608.734,12600.109,13601.436,14610.145,15636.785,16676.947,17714.201,18799.021,19884.758,20979.852,22097.904,23254.72,24411.387,25586.945,26811.45,28036.312,29268.92,30540.404,31847.145,33172.848,34503.156,35891.41,37308.617,38738.25,40193.035,41660.457,43171.164,44715.93,46268.82,47860.945,49498.42,51176.887,52873.53,54604.53,56362.95,58161.78,59978.105,61840.35,63745.625,65687.875,67679.14,69700.305,71776.21,73892.29,76050.51,78283.195,80572.52,82901.52,85305.65,87787.69,90330.39,92952.016,95653.44,98465.37,101359.57,104341.87,107427.68,110627.85,113932.65,117366.46,120915.49,124618.91,128481.47,132507.12,136696.03,141070.27,145659.75,150477.69,155541.48,160856.94,166516.67,172468.11,178779.25,185448.11,192530.38,200081.94,208131.75,216664.83,225811.47,235733.94,246481.3,258241.31,271283.12,285670.12,301845.3,320466.06,342306.12,369370.66,405008.4
24,1647.2797,2495.9941,3361.8613,4259.304,5148.6416,6055.2837,6980.1426,7893.8623,8823.131,9772.016,10740.183,11720.679,12708.585,13727.74,14774.931,15835.438,16905.72,18000.83,19101.71,20215.662,21343.297,22491.027,23666.613,24836.201,26044.312,27265.512,28505.828,29759.586,31037.22,32344.379,33675.125,35030.543,36424.68,37846.145,39286.715,40754.496,42239.902,43753.934,45299.613,46863.598,48470.68,50079.844,51715.02,53381.676,55060.438,56762.914,58491.086,60225.33,61984.89,63787.664,65610.6,67475.45,69374.46,71288.56,73242.51,75223.49,77223.82,79273.56,81377.21,83547.31,85746.01,88013.33,90370.555,92790.195,95267.164,97857.26,100543.94,103347.15,106261.72,109288.79,112432.266,115749.625,119232.77,122908.13,126786.37,130834.32,135117.14,139595.2,144376.11,149412.36,154752.12,160413.42,166441.1,172815.58,179532.06,186722.25,194278.66,202309.52,210883.12,220094.4,230104.16,241023.8,253000.77,266225.2,281214.6,297977.9,316998.28,339459.9,366847.16,402532.38
25,1651.0068,2506.671,3382.8562,4268.324,5155.214,6059.635,6970.9966,7894.9746,8831.228,9781.231,10737.508,11719.479,12700.298,13700.977,14722.94,15761.203,16811.902,17878.584,18965.893,20058.855,21185.734,22310.041,23468.02,24638.434,25845.084,27063.002,28297.016,29566.455,30847.896,32150.469,33468.51,34822.46,36174.125,37549.703,38955.105,40367.523,41801.94,43245.574,44689.37,46159.453,47639.0,49119.625,50638.87,52166.35,53715.81,55280.39,56865.277,58465.516,60090.96,61729.54,63424.89,65147.934,66911.18,68707.086,70550.83,72424.56,74353.73,76339.805,78395.78,80508.5,82687.164,84914.266,87224.19,89617.13,92091.305,94660.63,97316.7,100072.555,102971.13,105977.71,109111.51,112411.68,115837.61,119459.25,123219.94,127210.8,131374.14,135755.92,140410.53,145303.28,150466.98,155937.16,161807.83,168031.45,174622.14,181694.44,189294.9,197463.36,206296.17,215873.66,226477.78,238075.31,250948.1,265189.72,281160.78,299352.7,320355.2,345034.16,375593.4,415457.47
26,1677.5814,2532.2668,3387.1816,4260.741,5139.651,6022.688,6923.9565,7829.787,8745.667,9688.009,10637.436,11608.624,12575.842,13572.063,14596.086,15635.733,16689.268,17767.15,18849.002,19951.818,21087.93,22235.303,23388.893,24547.793,25727.863,26940.113,28152.115,29393.375,30654.482,31907.299,33198.863,34517.863,35836.434,37167.695,38523.504,39920.67,41339.17,42794.242,44243.086,45741.848,47253.53,48780.312,50342.645,51933.816,53544.082,55171.227,56816.844,58496.258,60206.113,61938.473,63693.14,65468.477,67250.25,69086.48,70957.22,72868.25,74821.59,76827.22,78892.664,81001.875,83178.28,85435.836,87759.09,90170.05,92655.95,95243.21,97907.52,100702.33,103596.8,106602.5,109741.13,113066.81,116530.914,120194.31,124041.32,128077.18,132293.88,136720.52,141405.84,146364.06,151628.38,157196.98,163068.19,169344.56,175924.53,182989.9,190495.14,198547.05,207050.08,216111.17,225911.0,236686.72,248648.81,261927.88,276890.5,293802.28,313356.7,336486.66,365251.78,402377.44
27,1698.4652,2523.1206,3345.746,4186.3438,5053.302,5924.562,6806.8564,7700.031,8610.261,9533.322,10474.85,11418.661,12371.94,13334.159,14316.091,15308.761,16325.931,17343.686,18397.111,19452.861,20514.564,21586.932,22663.332,23725.293,24828.691,25965.506,27086.262,28251.414,29433.383,30599.533,31812.404,33026.75,34247.67,35484.527,36738.676,38043.688,39402.727,40778.023,42172.664,43561.035,45007.684,46482.43,47996.707,49543.863,51110.258,52685.926,54279.305,55910.69,57611.984,59324.305,61080.043,62870.508,64695.387,66540.84,68424.664,70348.52,72322.06,74330.91,76386.59,78516.93,80715.734,82975.805,85301.3,87706.11,90209.7,92802.336,95488.664,98298.25,101213.375,104232.22,107370.48,110673.21,114145.23,117741.23,121460.84,125395.31,129462.87,133742.0,138256.66,142989.72,147984.28,153244.28,158822.36,164829.42,171184.77,178037.33,185390.97,193345.28,202005.77,211482.08,222017.97,233739.97,246943.27,261922.27,279001.72,298432.25,320814.6,347467.9,380368.66,424951.34
28,1536.7996,2441.807,3354.4678,4269.946,5201.506,6155.7886,7104.5674,8071.1934,9033.665,10005.374,11015.39,12053.164,13094.744,14136.737,15184.924,16248.984,17351.383,18456.422,19592.246,20726.97,21911.568,23112.408,24320.256,25562.838,26801.27,28067.795,29377.727,30707.016,32054.816,33407.793,34806.965,36214.152,37650.24,39113.953,40583.492,42100.074,43630.023,45167.434,46756.133,48365.98,49984.688,51632.594,53309.566,55010.168,56752.28,58522.727,60309.027,62136.832,64005.117,65907.66,67848.305,69851.03,71870.195,73966.914,76083.33,78251.11,80483.6,82767.516,85109.47,87487.01,89923.484,92450.29,95039.24,97694.27,100449.63,103291.27,106242.46,109284.21,112418.47,115694.13,119118.54,122612.77,126258.19,130055.89,134012.19,138160.52,142511.03,147031.2,151774.78,156724.36,161942.38,167422.97,173168.53,179250.98,185653.84,192430.72,199563.89,207037.88,214913.8,223329.33,232527.16,242654.22,253860.58,266412.25,280389.53,296298.1,314892.47,336883.1,363925.06,399250.4
29,1748.2297,2474.9192,3204.3396,3946.9104,4690.311,5437.0674,6202.3384,6963.5464,7749.363,8530.613,9332.668,10141.242,10941.286,11744.309,12549.514,13372.508,14177.453,15016.368,15844.116,16700.88,17569.217,18435.535,19317.52,20226.56,21146.475,22079.137,23022.875,23978.209,24961.434,25933.191,26914.408,27927.062,28951.887,30033.037,31131.994,32231.533,33355.86,34508.83,35667.83,36850.008,38077.562,39291.316,40581.152,41898.59,43220.81,44600.395,46006.45,47459.67,48937.285,50448.258,51982.016,53583.164,55210.977,56849.19,58586.0,60348.12,62163.684,64014.266,65918.414,67881.516,69897.15,71997.516,74129.61,76322.414,78601.625,80975.97,83448.67,86012.3,88678.36,91471.18,94371.7,97439.336,100625.26,103987.57,107495.16,111185.92,115062.31,119131.17,123454.7,127982.445,132789.44,137851.75,143223.0,148908.78,154939.3,161398.28,168342.67,175830.33,183985.52,192795.42,202561.6,213365.03,225315.39,238520.77,253196.72,269681.75,288446.28,310643.1,337859.38,372343.22
30,1750.7627,2566.855,3378.5164,4215.3843,5056.201,5916.401,6795.5444,7685.1255,8594.46,9511.681,10440.384,11376.151,12332.992,13303.216,14284.128,15284.346,16292.962,17301.625,18336.96,19376.035,20428.133,21481.299,22561.557,23639.867,24770.479,25905.652,27046.459,28216.342,29403.727,30628.83,31850.568,33118.496,34405.375,35705.227,37037.53,38398.465,39749.523,41141.383,42537.734,43946.22,45364.727,46816.023,48262.625,49759.926,51285.21,52821.305,54374.195,55962.28,57578.996,59206.457,60854.688,62544.996,64283.383,66039.05,67836.41,69693.7,71596.18,73537.97,75538.29,77588.53,79682.76,81867.69,84085.42,86387.74,88784.24,91257.016,93836.74,96507.125,99315.12,102239.164,105282.47,108446.14,111799.45,115327.92,118979.92,122843.086,126932.29,131212.62,135748.64,140524.92,145577.6,150940.44,156636.88,162676.7,169069.42,175889.03,183189.66,191021.64,199470.97,208537.19,218397.58,229224.7,241155.4,254389.05,269227.94,285817.8,304900.22,327428.47,354779.66,389656.38
31,1651.017,2444.254,3250.3499,4070.6104,4909.383,5761.81,6618.5728,7498.8667,8378.278,9269.385,10161.865,11066.297,11989.748,12930.8125,13893.903,14853.306,15835.503,16818.203,17834.504,18851.719,19888.254,20945.25,22019.178,23098.568,24201.205,25334.02,26484.012,27664.621,28847.926,30069.33,31292.31,32549.113,33810.766,35105.88,36416.152,37757.57,39106.438,40490.973,41897.926,43333.586,44800.34,46281.95,47788.586,49319.363,50858.07,52431.332,54014.78,55635.62,57285.04,58967.594,60683.043,62411.723,64189.305,65987.375,67844.266,69731.76,71673.94,73667.66,75700.86,77815.266,80001.125,82245.39,84567.055,86947.84,89429.47,92017.04,94695.45,97502.83,100400.74,103440.6,106622.336,109937.664,113429.98,117064.016,120843.86,124815.62,129017.27,133406.08,138039.58,142917.22,148040.22,153535.42,159366.34,165552.97,172210.0,179337.53,186977.08,195238.42,204306.86,214142.25,224970.34,236991.86,250378.69,265660.6,283102.66,303150.84,326474.56,354724.94,390383.44,439740.1
32,1607.4867,2474.687,3353.0142,4238.2393,5139.1772,6058.6694,6978.8706,7910.4937,8855.041,9812.539,10765.469,11758.765,12762.342,13786.652,14843.873,15899.491,16981.125,18074.94,19182.07,20314.14,21455.998,22644.459,23848.787,25079.885,26331.723,27598.56,28887.355,30207.662,31551.77,32919.97,34308.75,35701.56,37135.7,38577.53,40055.344,41562.35,43081.59,44618.87,46173.938,47764.363,49391.75,51031.08,52703.633,54397.28,56134.348,57882.676,59683.137,61510.348,63357.184,65259.4,67206.51,69191.16,71221.91,73281.31,75378.78,77526.21,79734.42,82027.08,84365.69,86788.234,89268.26,91801.375,94398.63,97090.07,99851.516,102698.79,105628.07,108648.305,111810.37,115093.95,118486.81,122023.04,125733.12,129588.6,133702.67,137910.84,142376.16,147026.2,151912.6,157066.89,162462.05,168145.69,174127.2,180504.3,187203.97,194282.95,201779.8,209733.9,218104.05,226992.58,236672.6,247179.08,258800.78,271546.22,285784.25,301739.44,319994.9,341470.12,367928.75,401896.72
33,1563.4427,2432.2236,3305.4644,4179.47,5070.78,5967.4043,6888.2417,7818.408,8760.945,9703.003,10668.3545,11637.957,12636.478,13636.113,14656.258,15707.139,16779.336,17855.418,18951.781,20079.947,21250.406,22437.959,23633.865,24847.299,26092.38,27347.906,28638.303,29944.336,31266.877,32632.842,34024.46,35428.387,36871.688,38336.355,39800.652,41308.254,42844.125,44397.992,45982.195,47607.875,49274.15,50961.44,52664.867,54387.73,56153.973,57961.316,59791.53,61642.934,63529.74,65477.21,67437.34,69441.32,71497.234,73586.6,75709.984,77909.26,80139.016,82412.88,84751.64,87154.734,89601.52,92123.36,94724.93,97399.2,100140.11,102990.32,105927.79,108971.47,112091.625,115335.766,118716.51,122217.49,125877.875,129677.01,133626.98,137764.86,142092.75,146595.94,151297.9,156261.11,161455.34,166909.62,172622.89,178637.58,185023.66,191728.25,198820.77,206265.05,214049.92,222318.58,231237.39,240973.11,251623.67,263542.38,277013.2,292054.2,309273.2,329484.16,354181.03,385775.0
34,1712.7744,2593.557,3489.01,4393.242,5300.837,6230.0786,7175.9883,8111.0503,9058.147,10012.989,10995.073,11982.818,12986.122,13995.956,15013.926,16041.82,17088.781,18142.764,19208.91,20306.363,21389.14,22494.89,23628.809,24770.402,25939.613,27127.111,28340.176,29577.432,30831.445,32098.34,33389.73,34718.453,36076.836,37449.36,38816.184,40199.92,41599.387,42987.297,44416.99,45842.195,47303.688,48774.664,50256.066,51763.746,53292.254,54828.145,56389.11,57970.27,59581.12,61231.406,62927.695,64650.32,66403.445,68193.016,70034.68,71924.56,73868.94,75867.04,77909.62,80016.7,82172.78,84406.945,86706.17,89088.56,91546.36,94097.77,96762.164,99546.414,102437.01,105459.51,108626.72,111926.44,115363.86,119003.445,122817.266,126820.625,131043.92,135515.72,140238.52,145184.48,150440.94,156026.8,161955.77,168237.12,174961.36,182191.3,189880.1,198102.61,207007.25,216644.83,227081.58,238534.11,250974.05,264767.1,280165.53,297654.4,317876.7,341847.53,371529.16,410494.97
35,1580.3589,2444.7947,3320.2905,4201.3813,5099.3286,6026.075,6963.605,7903.9824,8861.04,9828.53,10806.115,11802.223,12809.418,13815.676,14852.548,15895.384,16944.246,18004.107,19091.332,20190.977,21291.219,22435.219,23595.346,24774.287,25980.902,27208.752,28446.06,29711.734,30996.65,32296.436,33617.97,34972.21,36334.316,37710.33,39118.363,40548.844,42015.74,43492.434,45002.527,46531.96,48094.312,49686.73,51289.586,52940.47,54625.1,56326.31,58047.742,59832.688,61634.82,63487.055,65369.766,67312.664,69289.19,71314.67,73394.45,75547.39,77738.42,80007.05,82334.76,84742.17,87219.11,89765.516,92392.01,95112.57,97895.36,100753.8,103711.21,106759.04,109921.92,113219.14,116624.164,120139.875,123818.14,127684.08,131702.25,135879.44,140287.69,144906.08,149794.83,154948.92,160357.28,166063.36,172044.77,178410.17,185119.17,192174.92,199668.16,207594.97,216051.9,224989.23,234663.1,245224.06,256931.48,269956.84,284368.9,300835.25,319767.16,341705.84,368768.06,402944.62
36,1562.6981,2421.9749,3296.5547,4187.475,5101.7783,6039.3486,6991.0327,7944.554,8911.067,9882.45,10871.74,11851.912,12878.968,13899.244,14936.131,15995.814,17094.053,18186.258,19311.979,20460.24,21612.04,22788.95,23983.418,25218.031,26471.254,27740.064,29033.855,30380.873,31735.156,33096.85,34497.484,35896.688,37353.113,38804.996,40319.55,41832.613,43389.94,44973.766,46572.242,48213.395,49885.2,51592.83,53306.97,55082.55,56879.234,58725.07,60601.703,62548.703,64509.47,66514.695,68562.82,70630.055,72751.26,74923.6,77153.01,79431.17,81778.75,84160.555,86609.83,89133.03,91704.68,94328.55,97025.81,99798.77,102667.83,105616.72,108636.516,111775.06,115024.38,118354.81,121830.48,125412.15,129132.87,132975.86,136984.53,141147.34,145441.39,149962.11,154679.48,159619.69,164789.0,170161.11,175813.17,181757.4,187957.1,194498.78,201349.0,208592.14,216141.25,224143.42,232596.44,241645.44,251778.56,263073.4,275758.3,289943.7,306075.06,324480.4,346097.06,373890.53
37,1707.4869,2527.9023,3353.866,4201.8105,5054.7783,5920.9854,6805.229,7713.173,8617.766,9531.815,10483.374,11422.098,12390.561,13347.671,14320.764,15314.4795,16308.711,17316.902,18333.836,19363.436,20418.941,21486.988,22570.762,23676.232,24819.26,25976.36,27143.531,28344.4,29558.123,30794.74,32046.422,33330.047,34623.965,35954.477,37308.047,38667.645,40009.78,41373.906,42741.883,44142.902,45565.76,47014.004,48477.85,49951.426,51451.97,52959.902,54492.246,56036.97,57611.76,59213.742,60850.4,62525.91,64233.39,65992.47,67762.32,69601.62,71477.54,73398.586,75361.914,77384.0,79477.02,81633.54,83852.28,86152.97,88534.875,91005.92,93566.68,96223.44,99001.89,101914.05,104923.76,108101.195,111402.87,114879.875,118533.93,122366.49,126417.77,130670.516,135135.11,139866.7,144848.3,150128.4,155714.52,161688.73,168009.28,174780.47,181971.86,189731.1,198120.22,207140.16,216935.55,227651.45,239475.66,252708.52,267417.38,284187.97,303415.0,326073.3,354041.4,390951.94
38,1661.0547,2473.0605,3292.5583,4119.5835,4959.3506,5816.1016,6690.6396,7573.5054,8479.798,9393.171,10312.07,11224.134,12167.093,13130.402,14075.163,15062.108,16044.418,17048.176,18090.145,19138.807,20216.705,21307.922,22419.074,23546.373,24694.979,25851.633,27024.822,28220.102,29463.54,30728.514,32008.191,33312.434,34650.734,36006.953,37396.47,38794.23,40221.61,41679.453,43161.766,44656.836,46178.8,47714.88,49259.027,50832.402,52429.555,54032.9,55659.92,57313.21,58999.844,60722.527,62444.746,64196.65,65987.7,67805.15,69640.48,71521.52,73447.234,75423.33,77452.6,79513.99,81655.53,83846.5,86099.61,88457.8,90864.88,93379.73,96014.97,98725.05,101550.28,104492.055,107572.19,110776.93,114166.8,117698.59,121417.48,125349.17,129459.54,133811.88,138370.08,143197.9,148292.78,153700.77,159449.53,165566.69,172093.45,179052.8,186424.81,194246.98,202589.7,211567.4,221260.67,231888.84,243763.05,256941.47,271694.28,288262.34,307214.66,329695.5,357397.72,393561.53
39,1577.3608,2453.7974,3330.3726,4218.13,5120.295,6041.2495,6962.824,7892.928,8844.829,9800.907,10757.842,11745.859,12741.756,13760.287,14781.688,15821.793,16883.469,17965.418,19069.412,20179.748,21325.617,22486.59,23667.564,24859.611,26083.4,27346.404,28616.479,29907.707,31219.867,32550.426,33904.44,35282.465,36686.918,38133.99,39601.434,41089.195,42612.26,44162.258,45747.746,47350.21,48974.273,50634.6,52315.33,54034.38,55796.176,57576.812,59394.523,61241.516,63133.883,65062.18,67030.266,69033.234,71084.555,73175.75,75300.75,77487.18,79711.62,82005.28,84358.91,86746.03,89213.68,91762.52,94362.305,97033.11,99818.37,102691.85,105652.35,108701.7,111877.27,115171.48,118575.1,122134.24,125837.34,129696.836,133728.4,137970.3,142399.11,147022.4,151895.19,157031.88,162423.86,168076.36,173983.58,180264.47,186828.53,193835.4,201128.61,208878.23,217133.02,225879.78,235219.88,245342.27,256430.31,268682.88,282296.53,297583.4,315199.88,335792.5,360867.06,393179.8
40,1645.021,2482.3376,3321.607,4166.431,5033.0776,5908.3794,6776.192,7670.4185,8567.527,9478.8,10397.144,11329.938,12276.774,13228.047,14203.979,15194.944,16175.065,17187.879,18226.42,19272.03,20335.652,21412.434,22500.87,23617.309,24758.787,25915.95,27095.312,28306.477,29526.672,30782.871,32068.584,33374.33,34720.25,36074.984,37453.02,38854.05,40273.77,41716.547,43190.938,44668.547,46192.17,47733.273,49279.742,50841.465,52426.59,54030.395,55674.07,57337.02,59027.04,60748.57,62492.79,64253.61,66070.17,67890.71,69785.94,71708.94,73679.945,75705.305,77788.086,79913.55,82135.586,84421.2,86763.484,89205.44,91725.7,94313.29,97028.84,99813.97,102732.34,105786.67,108983.17,112322.164,115809.97,119436.39,123255.766,127254.234,131491.9,135935.62,140607.83,145557.45,150775.16,156363.94,162302.16,168589.1,175320.44,182595.0,190437.78,198893.34,208028.14,218132.84,229177.05,241369.78,255041.58,270261.75,287434.53,307115.06,329894.16,357232.03,391808.1,437970.12
41,1583.4689,2444.503,3327.3472,4220.2397,5126.5347,6044.992,6968.5186,7915.3843,8867.675,9851.912,10831.226,11834.396,12851.006,13878.761,14939.194,15998.495,17080.586,18187.924,19305.705,20430.064,21593.988,22783.064,23984.225,25211.18,26461.254,27739.492,29044.422,30377.312,31745.348,33118.766,34524.83,35977.16,37448.137,38936.93,40445.24,41985.773,43560.184,45167.74,46782.05,48434.066,50125.9,51842.566,53585.773,55366.703,57188.668,59038.5,60917.78,62831.812,64788.92,66781.2,68802.66,70860.85,72965.22,75117.4,77306.016,79561.586,81828.41,84176.11,86574.1,89046.8,91562.58,94113.586,96756.07,99482.98,102263.45,105135.83,108117.695,111205.09,114399.37,117692.09,121150.33,124717.125,128407.09,132245.11,136239.61,140393.95,144763.56,149294.03,154046.9,159010.88,164225.66,169714.25,175470.78,181473.23,187757.4,194382.31,201347.11,208662.42,216359.06,224517.23,233249.83,242876.52,253436.05,265150.16,278023.56,292518.38,308982.78,328005.1,351187.5,379789.4
42,1710.1802,2500.4727,3306.4233,4113.4536,4927.481,5754.624,6580.8633,7430.095,8279.343,9133.211,10003.52,10876.645,11768.72,12678.368,13594.426,14517.92,15437.8955,16372.778,17335.795,18316.203,19318.66,20318.777,21327.492,22350.123,23404.688,24490.318,25592.824,26717.023,27837.438,28992.46,30152.139,31327.996,32548.186,33779.887,35038.605,36307.95,37618.07,38929.984,40286.23,41674.996,43099.977,44541.957,46020.477,47526.082,49054.527,50606.164,52197.336,53801.74,55443.094,57103.7,58803.113,60540.54,62304.477,64111.74,65950.02,67821.22,69735.14,71678.99,73689.99,75745.43,77855.37,80002.98,82239.055,84546.93,86923.62,89416.53,91989.77,94671.09,97451.414,100371.65,103406.91,106597.44,109943.375,113432.22,117092.664,120905.26,124924.22,129154.234,133566.19,138236.38,143176.42,148440.11,154034.39,160010.48,166403.36,173275.72,180666.12,188690.28,197521.12,207182.6,217850.08,229766.75,243100.69,258092.2,275003.94,294016.84,315853.9,341688.16,373344.66,415781.03
43,1695.6573,2519.168,3344.5352,4185.953,5027.617,5884.29,6754.0635,7638.76,8522.989,9399.315,10303.041,11220.531,12162.065,13104.2705,14042.849,15001.541,15970.482,16947.709,17923.428,18913.346,19914.727,20948.105,21975.803,23021.281,24057.682,25120.72,26218.57,27326.531,28399.78,29511.459,30647.281,31820.885,32989.207,34212.254,35410.69,36621.88,37880.453,39135.656,40422.508,41731.0,43056.83,44432.16,45834.78,47250.15,48729.934,50258.87,51768.125,53343.562,54955.504,56592.49,58286.613,60013.2,61782.93,63544.414,65360.938,67207.66,69093.414,71010.45,73015.516,75061.1,77183.27,79370.58,81630.586,83986.15,86399.336,88927.8,91555.91,94307.02,97133.27,100091.95,103202.3,106417.77,109798.45,113356.91,117124.195,121052.46,125191.87,129521.88,134069.36,138866.08,143933.42,149320.28,155034.81,161134.14,167616.75,174590.11,182107.14,190293.95,199197.34,208920.38,219675.1,231806.58,245435.34,260758.11,278024.3,297476.25,320071.22,346604.28,379402.8,423998.0
44,1656.6873,2505.215,3355.3257,4222.2266,5107.4414,5990.073,6888.4756,7796.4707,8710.815,9652.841,10590.756,11539.854,12515.967,13489.703,14495.808,15527.756,16602.092,17662.605,18747.697,19876.717,21005.43,22176.518,23337.379,24535.297,25723.502,26966.537,28216.475,29484.61,30775.291,32075.396,33390.3,34733.445,36109.95,37516.16,38938.86,40392.445,41862.242,43352.47,44878.27,46429.016,48008.484,49610.54,51247.8,52893.625,54598.758,56310.75,58048.797,59794.984,61567.977,63362.74,65191.754,67054.086,68940.51,70860.195,72814.42,74786.57,76803.02,78878.73,80977.73,83134.984,85336.62,87608.77,89944.07,92360.43,94819.31,97403.85,100051.12,102813.0,105674.15,108652.25,111756.375,114993.74,118385.79,121928.914,125636.79,129532.37,133650.9,137965.52,142456.38,147203.56,152170.58,157401.8,162917.94,168677.55,174716.55,181054.81,187707.88,194681.61,201996.12,209727.33,218076.25,227151.31,237250.44,248513.08,260974.16,275235.62,291397.7,310214.34,332846.88,361183.94
45,1686.8945,2522.6958,3362.1245,4216.973,5083.3384,5963.158,6850.872,7735.0923,8642.753,9552.482,10481.726,11415.609,12356.359,13331.267,14293.224,15284.262,16290.529,17302.893,18337.934,19393.238,20444.264,21509.629,22601.568,23715.48,24839.443,25974.32,27136.277,28315.832,29512.553,30721.645,31955.158,33199.336,34450.633,35739.63,37035.723,38358.277,39663.28,41009.8,42395.496,43791.906,45223.12,46643.32,48091.492,49578.258,51068.46,52601.273,54142.19,55739.2,57374.21,59039.324,60724.953,62408.746,64139.29,65917.66,67738.22,69587.05,71506.11,73470.32,75487.945,77561.01,79710.164,81922.27,84202.055,86580.26,89027.33,91523.375,94156.21,96904.67,99767.836,102749.2,105877.51,109128.38,112520.53,116109.81,119858.33,123774.12,127937.16,132257.27,136844.1,141706.22,146842.98,152228.88,157950.64,164096.8,170634.02,177570.56,185063.36,193213.77,201909.66,211371.67,221863.42,233394.33,246177.38,260517.03,276722.6,295403.06,317057.6,343195.3,375718.7,419857.0
46,1664.4465,2522.8542,3397.0498,4291.643,5196.4863,6116.544,7052.9346,8006.9253,8970.117,9952.745,10952.549,11960.075,12971.687,13997.831,15043.188,16116.447,17192.084,18283.375,19386.594,20514.297,21656.59,22829.715,24004.11,25198.09,26418.709,27673.213,28930.266,30224.113,31522.115,32866.164,34232.12,35622.945,37034.945,38487.984,39968.242,41474.555,43005.74,44564.5,46137.02,47720.23,49321.11,50933.46,52574.934,54213.92,55862.496,57546.387,59252.594,60979.684,62729.21,64516.984,66304.555,68110.32,69961.38,71853.45,73749.805,75704.33,77678.33,79692.586,81765.09,83897.59,86090.65,88345.484,90660.65,93075.81,95544.38,98099.03,100759.82,103518.31,106400.92,109396.05,112517.95,115792.1,119217.56,122816.61,126592.39,130579.984,134778.75,139168.58,143814.45,148741.72,153952.67,159474.19,165336.11,171502.75,178097.8,185071.27,192471.72,200388.38,208741.08,217609.53,227158.17,237615.56,249146.23,262065.67,276399.44,292867.72,311792.78,333911.88,361157.94,395621.16
47,1709.4733,2569.1628,3446.7178,4331.679,5227.349,6128.204,7040.803,7957.898,8889.357,9826.729,10761.984,11708.93,12683.303,13670.14,14671.887,15676.92,16686.986,17727.11,18786.002,19863.164,20948.557,22056.064,23189.945,24330.186,25511.064,26711.107,27933.457,29164.451,30429.875,31705.492,33009.508,34341.273,35704.074,37078.992,38485.547,39900.902,41321.293,42755.215,44211.59,45655.746,47120.895,48606.383,50134.65,51666.53,53202.996,54775.71,56355.45,57961.555,59596.15,61250.582,62934.62,64656.28,66413.266,68205.516,70051.67,71929.086,73853.664,75819.56,77849.375,79933.36,82071.99,84270.24,86546.734,88890.59,91322.07,93849.125,96470.875,99191.06,102022.47,104961.58,108042.086,111265.01,114663.164,118218.13,121980.414,125916.97,130034.51,134397.66,139005.19,143867.25,149026.11,154473.53,160234.45,166326.55,172863.53,179846.95,187292.92,195264.39,203939.44,213225.2,223277.06,234356.58,246544.23,260246.9,275656.88,293080.47,313172.4,336960.72,366413.1,404967.8
48,1699.357,2528.4824,3364.5657,4218.1484,5081.0435,5950.711,6835.582,7741.275,8643.943,9567.529,10492.853,11437.004,12385.382,13362.666,14342.284,15339.403,16350.805,17360.486,18393.002,19438.855,20512.986,21601.39,22705.95,23839.744,24978.205,26145.475,27325.662,28535.723,29759.418,31019.646,32286.922,33578.938,34883.688,36227.266,37593.727,38973.254,40374.555,41797.12,43246.13,44701.23,46140.926,47607.766,49095.824,50603.387,52150.88,53713.906,55304.188,56922.152,58542.492,60193.99,61855.848,63558.277,65304.727,67072.89,68862.96,70729.63,72637.484,74583.04,76588.9,78642.125,80756.47,82935.73,85174.13,87483.42,89876.26,92360.59,94927.055,97606.8,100374.36,103309.18,106355.5,109541.58,112900.94,116374.875,120019.6,123871.51,127882.055,132108.16,136594.64,141325.5,146345.03,151634.19,157231.66,163205.67,169483.67,176238.39,183482.06,191259.61,199603.06,208516.55,218188.92,228845.34,240598.84,253664.56,268269.75,284873.78,303886.03,326335.3,353555.22,388029.47
49,1583.8135,2478.6338,3393.0872,4314.09,5259.822,6217.9204,7170.1875,8152.956,9152.587,10152.369,11169.371,12201.621,13261.115,14331.453,15432.397,16552.598,17684.076,18854.635,20019.363,21204.65,22429.936,23652.451,24905.293,26152.152,27434.316,28732.246,30041.951,31395.67,32763.88,34156.215,35553.418,36986.223,38434.617,39911.875,41406.785,42915.723,44454.89,46019.668,47601.19,49206.883,50845.383,52512.63,54208.316,55934.95,57693.28,59480.926,61293.785,63147.992,65034.395,66945.484,68893.31,70894.41,72925.09,75012.1,77131.05,79302.016,81540.586,83819.59,86170.77,88575.75,91061.086,93611.29,96271.96,98993.31,101819.375,104722.195,107699.49,110783.03,113963.664,117264.195,120707.74,124288.83,128023.49,131905.56,135959.45,140199.78,144604.3,149261.1,154122.53,159229.52,164635.06,170339.22,176326.5,182700.88,189421.8,196546.48,204087.03,212048.94,220479.8,229450.16,239142.72,249647.2,261270.7,274145.2,288753.06,305279.12,324258.16,346629.53,374670.16,411123.5
50,1660.9446,2525.183,3412.2803,4295.5684,5193.7607,6113.898,7039.6675,7981.842,8928.817,9875.181,10829.449,11787.839,12761.453,13754.304,14750.475,15780.94,16811.59,17851.47,18913.857,19985.87,21093.486,22222.645,23349.646,24510.41,25688.303,26895.645,28116.768,29363.27,30628.55,31901.256,33204.977,34539.633,35893.625,37268.582,38659.11,40060.66,41484.957,42936.285,44384.535,45860.17,47336.14,48833.45,50339.02,51893.004,53454.656,55043.723,56649.66,58268.004,59910.09,61586.777,63294.77,65042.492,66813.266,68600.19,70451.26,72344.42,74268.34,76253.8,78284.61,80337.766,82498.47,84706.21,86988.61,89336.586,91770.766,94308.945,96937.16,99669.91,102505.16,105442.55,108536.266,111768.695,115159.55,118691.586,122380.01,126289.3,130371.586,134655.31,139163.2,143958.88,149021.83,154345.3,160030.33,166074.89,172538.61,179386.08,186632.48,194406.23,202818.77,211805.52,221501.0,232130.1,243872.64,256912.9,271719.6,288536.78,307737.72,330614.7,358621.75,395222.75
51,1701.8595,2548.11,3407.4675,4261.449,5131.1484,6027.8955,6924.0303,7840.321,8759.41,9697.966,10634.587,11588.701,12561.684,13540.604,14545.079,15534.57,16546.83,17561.557,18606.855,19688.31,20773.748,21855.045,22973.947,24104.254,25259.807,26447.453,27646.105,28864.64,30111.113,31369.754,32664.62,33986.777,35309.555,36656.88,38024.027,39365.86,40723.586,42084.746,43473.42,44871.78,46293.94,47742.38,49193.09,50666.504,52165.6,53680.453,55204.523,56760.715,58335.438,59958.906,61600.59,63282.332,64994.96,66745.67,68549.84,70393.586,72300.164,74248.1,76253.734,78306.35,80410.69,82599.34,84864.03,87195.97,89614.95,92113.25,94725.11,97446.35,100246.71,103203.766,106299.445,109536.24,112907.68,116444.63,120159.11,124078.22,128178.555,132471.77,137006.0,141795.47,146848.12,152192.97,157856.39,163897.19,170291.67,177142.03,184460.12,192316.27,200795.0,209953.66,219877.33,230744.73,242803.17,256163.44,271069.62,287905.06,307220.94,330136.4,358092.34,394541.28
52,1711.6233,2527.0376,3349.1895,4179.675,5036.0605,5899.7896,6779.3984,7678.777,8586.13,9512.165,10443.092,11392.86,12352.912,13304.568,14278.522,15289.916,16298.111,17332.305,18372.463,19431.654,20497.553,21588.918,22697.875,23834.182,25003.05,26176.129,27374.94,28610.55,29849.207,31116.764,32419.262,33716.035,35051.277,36413.5,37797.984,39199.11,40635.55,42080.066,43549.574,45043.395,46545.688,48047.688,49571.305,51118.55,52684.406,54284.48,55903.793,57533.64,59204.555,60877.848,62569.164,64293.586,66051.01,67832.76,69652.56,71505.09,73410.555,75362.53,77366.52,79435.42,81545.83,83738.586,85997.1,88323.9,90737.016,93239.586,95838.78,98542.77,101358.82,104302.41,107386.89,110588.12,113953.69,117494.9,121227.95,125164.23,129281.94,133603.89,138152.27,142948.17,148048.22,153446.5,159147.66,165228.62,171713.08,178671.42,186075.06,194070.72,202761.83,212185.16,222435.0,233813.08,246425.12,260508.23,276368.16,294256.03,314792.84,339032.2,369491.06,409558.88
53,1656.3949,2461.2275,3280.1812,4123.609,4968.6772,5832.895,6702.385,7585.507,8478.57,9400.307,10327.476,11254.393,12186.857,13137.141,14109.227,15104.915,16111.803,17141.264,18191.139,19253.455,20342.615,21448.062,22566.69,23718.742,24882.066,26080.848,27294.145,28537.668,29804.64,31094.125,32397.045,33732.695,35088.996,36471.715,37869.234,39295.355,40725.836,42191.402,43682.58,45189.51,46721.332,48280.797,49854.95,51432.18,53029.93,54648.64,56296.895,57966.29,59668.773,61396.344,63145.53,64929.57,66726.6,68558.25,70438.16,72346.91,74299.0,76311.32,78393.46,80510.04,82689.67,84944.55,87272.984,89680.81,92160.87,94734.5,97412.336,100180.2,103070.18,106089.3,109224.25,112521.375,115963.92,119564.7,123344.336,127327.56,131497.36,135886.06,140492.52,145348.02,150522.61,156012.7,161842.19,168033.33,174688.14,181768.0,189411.2,197670.06,206635.98,216345.45,227033.98,238817.42,251872.4,266523.03,282901.66,301378.25,322672.4,347724.16,378933.6,420399.78
54,1693.0455,2513.756,3343.693,4178.4463,5027.136,5896.343,6774.3936,7657.1807,8553.581,9478.243,10408.215,11335.467,12261.704,13216.443,14181.262,15176.151,16176.289,17178.816,18202.527,19227.812,20291.812,21365.602,22428.406,23541.912,24661.482,25799.05,26954.377,28134.602,29330.455,30524.809,31766.236,33009.73,34280.203,35574.285,36893.52,38205.15,39553.973,40935.992,42317.54,43739.742,45167.65,46637.445,48128.977,49656.375,51196.254,52752.195,54346.402,55965.504,57603.14,59286.543,60995.406,62749.855,64511.05,66322.2,68163.76,70041.16,71953.38,73930.06,75947.63,78015.195,80150.58,82338.734,84595.15,86940.016,89348.734,91843.086,94443.25,97136.055,99943.336,102845.31,105902.07,109069.64,112374.42,115840.03,119448.664,123241.695,127215.39,131371.64,135765.38,140394.77,145294.2,150490.67,156001.7,161866.36,168159.5,174915.75,182187.89,190096.4,198646.67,208064.33,218438.86,229943.61,242797.88,257021.53,273210.12,291585.8,312848.9,338260.1,369496.25,411283.38
55,1683.633,2541.1335,3394.7148,4268.7764,5154.6587,6059.376,6987.203,7913.4375,8850.5,9800.459,10770.436,11764.024,12766.999,13780.357,14817.878,15860.667,16918.795,17977.314,19050.564,20155.713,21284.701,22426.05,23583.52,24775.133,25971.67,27193.172,28442.6,29721.516,31026.494,32335.748,33668.945,35038.438,36433.18,37838.75,39283.36,40761.473,42256.055,43790.938,45328.37,46878.914,48428.742,49992.883,51556.67,53150.11,54748.383,56383.47,58052.98,59747.258,61452.49,63170.125,64913.41,66668.805,68478.84,70325.445,72226.945,74159.39,76116.11,78140.21,80212.42,82351.68,84537.91,86788.46,89095.59,91493.195,93958.94,96502.62,99161.875,101921.36,104816.07,107826.1,110955.53,114197.36,117644.93,121254.9,125047.51,129009.61,133174.11,137541.66,142162.33,147042.55,152226.33,157714.69,163510.69,169691.19,176280.53,183358.7,190904.27,199043.64,207715.55,216981.81,227002.45,237889.17,249862.73,263086.06,277731.25,294234.88,312882.03,335129.2,362612.56,397397.53
56,1666.4303,2530.516,3399.8794,4271.793,5161.261,6075.486,6984.396,7917.134,8838.121,9761.628,10714.367,11665.592,12628.712,13630.41,14634.207,15657.641,16690.113,17740.35,18826.309,19916.557,21028.918,22162.895,23320.414,24496.611,25687.16,26914.37,28158.709,29421.754,30707.621,32021.334,33361.08,34723.4,36117.18,37541.453,38985.406,40449.535,41945.863,43450.695,44972.742,46498.55,48055.133,49599.984,51160.062,52757.395,54376.96,56020.45,57693.902,59388.195,61085.98,62803.5,64559.355,66340.5,68131.9,69987.14,71874.3,73813.57,75791.305,77817.92,79887.625,82016.695,84212.766,86459.81,88798.305,91199.89,93696.55,96254.98,98918.375,101680.95,104572.8,107577.305,110721.19,114021.3,117448.54,121059.58,124851.45,128820.69,132958.48,137337.81,141987.03,146861.69,152053.08,157480.14,163325.69,169521.14,176139.22,183204.64,190782.48,198737.02,207309.86,216440.92,226231.4,236949.23,248739.75,261658.12,276046.22,292409.28,311189.66,333356.12,360895.12,396462.4
57,1710.7576,2474.6245,3261.029,4055.0984,4861.962,5680.9453,6507.8706,7350.131,8205.888,9068.403,9926.259,10793.331,11690.127,12591.658,13495.956,14410.738,15354.287,16304.439,17277.576,18273.154,19276.088,20302.672,21348.555,22407.316,23470.557,24574.385,25685.957,26834.25,27974.564,29152.383,30373.549,31605.195,32836.293,34093.918,35387.562,36701.758,38017.34,39370.008,40740.46,42147.285,43586.812,45052.426,46521.45,48030.95,49551.16,51109.902,52686.805,54310.21,55961.633,57630.207,59323.88,61098.04,62887.42,64706.508,66551.04,68438.61,70368.78,72334.484,74362.84,76458.86,78605.21,80849.18,83160.734,85541.24,88015.61,90572.8,93257.195,96018.93,98887.74,101893.055,105030.96,108291.01,111726.78,115328.0,119082.94,123039.49,127172.89,131497.36,136026.17,140769.64,145855.88,151232.27,156940.23,163062.89,169578.8,176584.16,184152.34,192284.81,201176.66,210835.47,221532.25,233519.92,246934.16,261950.84,278926.2,298466.84,321041.47,348269.16,382441.4,428497.16
58,1688.8687,2537.1238,3416.156,4296.279,5200.6025,6108.924,7024.0015,7951.0547,8891.197,9846.623,10828.979,11813.899,12816.992,13839.857,14862.622,15903.923,16956.744,18032.693,19113.098,20214.082,21332.17,22446.055,23597.896,24771.27,25951.291,27158.703,28385.117,29620.076,30896.36,32181.918,33492.754,34835.484,36190.098,37585.887,38998.23,40442.9,41917.613,43414.277,44931.477,46492.8,48063.22,49645.887,51254.68,52862.25,54496.3,56150.65,57827.695,59524.48,61268.117,63037.184,64840.645,66651.664,68500.93,70368.08,72264.46,74199.04,76187.07,78207.64,80284.11,82405.49,84601.7,86852.72,89165.836,91580.44,94070.39,96629.85,99321.766,102086.664,104955.35,107983.086,111126.26,114414.84,117852.0,121445.84,125259.18,129196.625,133326.5,137724.22,142378.89,147293.34,152500.31,157987.67,163806.77,170009.89,176652.67,183700.22,191146.11,199120.66,207488.38,216486.47,226264.38,236734.52,248361.86,261111.19,275364.72,291507.5,310267.12,331933.8,359109.16,393721.38
59,1704.5786,2505.2676,3315.359,4126.1323,4938.0454,5752.9307,6595.508,7439.0107,8287.075,9134.441,9981.908,10838.834,11720.349,12628.454,13538.839,14482.394,15427.084,16384.643,17348.996,18347.768,19328.44,20348.281,21380.611,22423.822,23492.543,24570.287,25650.176,26761.846,27890.777,29045.115,30214.623,31413.844,32623.742,33851.133,35086.49,36348.824,37648.27,38970.055,40315.168,41696.656,43092.094,44523.977,45983.285,47452.61,48985.36,50544.137,52155.215,53786.09,55439.11,57134.855,58853.426,60607.812,62382.938,64223.074,66108.55,68020.63,69999.39,72016.555,74045.69,76145.26,78298.13,80521.69,82823.85,85187.52,87629.57,90156.914,92773.66,95489.38,98329.9,101266.6,104312.12,107474.78,110811.54,114306.91,117940.27,121773.086,125787.13,129984.81,134398.58,139028.11,143880.86,149090.8,154613.16,160479.66,166789.67,173572.38,180837.2,188656.06,197267.61,206586.14,216850.34,228196.52,240862.97,255099.05,271211.34,289746.9,311389.78,337279.5,369222.78,413132.06
60,1645.9125,2483.6921,3326.1865,4165.013,5011.18,5886.3335,6763.2637,7646.4927,8550.644,9453.4,10377.108,11320.173,12266.514,13230.854,14219.209,15231.334,16263.17,17292.242,18344.646,19420.379,20513.852,21623.148,22757.06,23904.285,25077.438,26234.492,27440.143,28654.562,29886.898,31144.924,32440.691,33752.633,35086.906,36434.89,37797.76,39206.887,40638.633,42100.383,43586.137,45094.94,46629.125,48204.85,49800.54,51414.24,53053.652,54733.746,56414.01,58147.734,59902.156,61693.785,63505.24,65341.44,67186.336,69063.99,70984.56,72962.88,74972.2,77035.96,79159.85,81325.87,83589.3,85913.65,88300.95,90757.14,93294.086,95910.31,98638.4,101452.48,104403.484,107480.21,110676.055,114009.88,117506.984,121165.54,124996.44,128977.58,133181.06,137572.22,142230.12,147110.8,152307.2,157782.9,163570.27,169788.42,176359.12,183419.23,190990.7,199292.88,208205.14,217988.44,228711.78,240713.08,254062.28,269055.84,285876.25,304737.8,326534.62,352467.6,384980.34,428282.12
61,1690.8727,2535.9355,3399.2346,4278.822,5169.315,6077.825,6988.58,7926.482,8864.574,9820.376,10787.281,11761.679,12742.973,13726.285,14712.758,15705.047,16718.588,17733.998,18767.832,19814.977,20897.61,22014.918,23146.55,24288.785,25452.057,26617.062,27808.998,29021.414,30237.547,31493.594,32758.734,34063.12,35386.117,36740.04,38111.56,39500.918,40907.86,42324.31,43753.88,45206.594,46683.53,48159.656,49650.48,51151.094,52653.29,54202.105,55753.125,57338.266,58958.516,60602.7,62281.566,64001.887,65762.305,67541.05,69355.27,71213.266,73126.61,75082.85,77100.93,79157.35,81271.71,83456.73,85697.92,88026.62,90410.234,92871.82,95429.01,98084.64,100844.52,103695.66,106675.914,109806.09,113074.586,116493.9,120105.64,123870.695,127844.445,131990.72,136319.73,140939.02,145801.34,150884.7,156259.86,161906.34,167866.9,174234.94,180969.56,188135.86,195790.86,203893.67,212710.06,222319.45,232863.1,244587.67,257635.9,272258.84,289018.38,308688.03,332477.06,361705.66
62,1737.026,2534.0051,3320.091,4142.545,4967.671,5803.8076,6644.7617,7510.2397,8389.721,9259.723,10139.837,11026.501,11928.399,12850.427,13771.396,14711.022,15657.621,16622.832,17595.074,18590.254,19592.104,20630.854,21667.838,22723.95,23809.299,24928.826,26062.695,27227.707,28397.887,29593.225,30786.941,32007.977,33238.34,34506.938,35804.3,37119.746,38463.2,39827.215,41219.938,42610.895,44010.67,45434.723,46885.203,48357.04,49833.098,51340.484,52852.297,54382.477,55940.52,57520.953,59114.965,60750.594,62426.137,64140.22,65896.13,67679.74,69505.04,71381.586,73309.39,75288.22,77327.62,79432.016,81617.73,83847.89,86173.56,88587.96,91100.5,93698.625,96389.09,99196.97,102142.45,105227.6,108476.35,111884.89,115493.875,119228.516,123134.44,127254.31,131603.03,136238.88,141063.2,146213.66,151648.45,157392.83,163524.7,170017.17,176962.61,184414.92,192415.92,201068.42,210546.33,220848.38,232169.44,244763.38,258627.03,274340.72,292344.5,313566.78,339830.84,373445.7
63,1686.8373,2513.9253,3344.2146,4187.06,5050.564,5913.2705,6803.3057,7688.271,8590.039,9496.287,10406.064,11318.146,12233.265,13158.029,14111.432,15092.272,16074.185,17066.053,18066.148,19075.746,20123.217,21168.838,22241.178,23327.77,24446.04,25575.357,26716.791,27877.258,29067.94,30271.041,31513.371,32758.582,34023.02,35298.82,36592.824,37912.035,39261.81,40631.19,42020.062,43433.69,44892.395,46356.297,47841.246,49376.113,50925.793,52498.6,54085.32,55710.547,57346.996,59043.59,60784.25,62521.594,64300.426,66096.35,67951.53,69841.04,71760.01,73736.805,75746.83,77827.805,79987.984,82211.46,84505.74,86861.66,89316.43,91848.73,94485.24,97209.77,100060.85,103048.44,106157.15,109406.375,112822.95,116425.234,120172.09,124076.2,128213.89,132570.89,137136.77,141933.73,147052.81,152489.81,158237.66,164351.64,170966.67,178035.17,185695.77,193926.0,202914.27,212710.11,223472.28,235325.3,248571.06,263438.03,280297.34,299288.53,321148.7,347130.9,379789.97,423900.9
64,1714.6377,2521.556,3330.0762,4148.127,4980.123,5825.388,6675.0674,7537.1196,8419.189,9294.988,10179.241,11073.19,11974.075,12871.782,13801.624,14691.376,15586.594,16494.828,17456.676,18414.402,19392.256,20407.182,21422.328,22447.84,23492.316,24568.695,25659.402,26759.547,27862.898,28993.967,30132.148,31304.5,32502.521,33732.668,34979.92,36222.035,37479.887,38763.914,40083.99,41429.83,42788.188,44193.34,45619.41,47067.91,48522.2,50045.496,51574.28,53141.117,54751.605,56369.164,58047.957,59756.363,61506.76,63288.715,65093.08,66922.32,68780.18,70676.555,72634.75,74662.484,76747.22,78897.945,81120.25,83398.72,85754.52,88211.99,90767.24,93416.98,96159.15,98998.29,102003.1,105141.33,108420.47,111839.96,115364.15,119101.516,123003.15,127104.74,131433.3,135961.27,140773.4,145891.47,151313.88,157039.25,163183.7,169838.08,176957.02,184721.22,193200.19,202468.69,212917.06,224547.62,237754.69,252721.77,269646.88,288664.47,310590.6,336626.28,369159.47,413400.6
65,1672.1444,2515.8728,3367.952,4234.3022,5108.792,5990.08,6868.9336,7784.3457,8687.244,9603.412,10538.8125,11508.71,12470.553,13425.622,14415.135,15374.051,16381.626,17396.8,18432.422,19465.764,20511.863,21571.074,22654.473,23762.742,24894.111,26044.094,27222.02,28427.88,29632.328,30878.836,32128.93,33399.66,34711.13,36029.54,37370.734,38744.953,40121.766,41535.734,42971.137,44438.008,45933.156,47441.16,48997.445,50557.81,52145.05,53781.84,55432.45,57117.18,58855.473,60640.832,62430.254,64230.58,66075.81,67933.86,69838.97,71787.52,73772.66,75824.55,77945.1,80115.67,82344.97,84644.484,87012.38,89444.55,91969.16,94567.19,97255.67,100054.24,102967.0,105975.516,109100.914,112396.95,115796.49,119358.46,123076.75,126983.0,131046.15,135340.94,139838.36,144591.02,149574.83,154848.34,160416.23,166397.36,172757.14,179543.62,186887.88,194838.36,203466.84,212911.4,223282.36,234838.05,247850.7,262468.3,278975.88,297740.8,319250.1,344825.72,376767.0,419519.9
66,1592.4434,2420.2104,3264.0376,4126.0815,4996.165,5901.891,6797.406,7738.7227,8681.785,9652.151,10612.731,11604.713,12618.672,13651.162,14718.046,15766.879,16846.184,17944.932,19066.72,20195.02,21329.75,22505.559,23706.738,24932.307,26154.947,27402.777,28693.756,29995.57,31321.467,32672.332,34043.297,35448.016,36887.188,38347.168,39827.457,41330.156,42874.28,44424.605,46008.98,47624.305,49260.39,50927.25,52622.105,54355.44,56108.887,57887.25,59705.24,61557.46,63456.492,65376.33,67347.41,69349.59,71401.25,73474.44,75598.836,77776.56,80004.56,82286.266,84622.16,87005.09,89483.71,92000.4,94611.84,97317.97,100091.67,102937.5,105875.695,108927.16,112080.94,115374.02,118748.08,122297.45,125964.92,129774.85,133755.39,137894.27,142202.19,146706.36,151433.64,156370.06,161554.81,166939.19,172604.72,178565.75,184765.06,191353.92,198314.31,205546.98,213243.25,221376.6,230038.47,239557.39,249979.17,261680.95,274673.8,289169.38,305640.66,324916.94,348306.16,377621.4
67,1587.6368,2400.3696,3226.021,4072.9722,4947.6133,5844.073,6754.7573,7667.945,8599.603,9555.493,10529.958,11510.334,12496.695,13507.161,14528.461,15562.0625,16623.762,17708.676,18804.615,19907.938,21049.295,22194.414,23370.361,24545.906,25759.46,26998.078,28232.967,29502.023,30794.812,32107.043,33452.656,34815.316,36194.12,37606.01,39036.58,40508.863,41987.875,43517.684,45061.047,46635.29,48236.24,49862.703,51512.824,53193.418,54911.26,56652.37,58436.48,60254.355,62109.867,63995.215,65924.36,67873.89,69878.695,71944.33,74027.84,76185.45,78384.43,80642.555,82955.63,85334.15,87788.11,90324.87,92914.055,95615.58,98412.52,101294.555,104256.64,107348.27,110519.19,113836.06,117274.65,120847.1,124581.516,128470.0,132520.2,136790.56,141273.44,145984.33,150948.89,156185.72,161683.72,167501.94,173685.02,180194.33,187132.73,194459.72,202254.98,210587.75,219398.42,228835.16,238961.97,250033.6,262179.75,275537.2,290522.78,307285.3,326489.62,348930.88,376709.53,413291.94
68,1711.4854,2541.967,3384.2637,4240.335,5094.3457,5955.488,6821.622,7705.8247,8611.727,9531.014,10467.151,11412.335,12378.374,13344.474,14336.973,15342.58,16358.563,17387.227,18432.709,19487.922,20550.625,21628.652,22733.785,23838.018,24968.371,26116.102,27275.758,28479.252,29697.643,30945.535,32223.664,33520.625,34845.566,36200.95,37581.64,38970.273,40374.28,41787.74,43222.67,44681.023,46143.82,47637.62,49132.816,50648.363,52181.656,53745.78,55331.816,56947.055,58578.668,60235.453,61916.773,63635.086,65380.227,67188.14,69008.25,70872.68,72779.67,74744.016,76754.99,78812.93,80940.81,83156.336,85415.555,87778.74,90220.55,92757.734,95407.79,98158.484,101023.766,104029.36,107192.945,110504.266,113968.46,117603.03,121494.1,125530.836,129787.88,134251.38,139020.2,144064.97,149377.38,154983.88,160956.88,167281.06,174007.75,181238.62,188953.0,197281.67,206270.84,216099.1,226693.88,238181.0,250747.69,264637.75,280043.94,297388.9,317464.78,341413.0,371432.25,411011.03
69,1663.1759,2578.1494,3505.5352,4449.0986,5403.027,6378.6123,7366.535,8377.24,9414.613,10462.896,11525.315,12587.981,13666.185,14743.8,15819.448,16928.05,18038.314,19154.402,20263.957,21401.559,22565.459,23745.312,24940.363,26148.414,27378.336,28649.74,29930.295,31235.389,32557.734,33916.28,35289.457,36670.676,38085.18,39511.16,40949.426,42370.98,43799.87,45246.71,46699.816,48154.113,49636.504,51143.73,52669.01,54214.152,55760.668,57339.81,58947.203,60571.07,62210.03,63879.414,65568.42,67299.63,69063.97,70868.805,72703.375,74594.3,76505.2,78473.65,80489.83,82570.05,84713.31,86909.02,89159.43,91506.04,93927.3,96434.45,99014.914,101710.68,104498.766,107415.305,110461.766,113657.47,116977.984,120468.18,124169.71,128046.164,132130.84,136421.0,140918.33,145647.47,150606.55,155856.27,161464.31,167392.27,173642.81,180350.14,187503.78,195079.53,203088.39,211561.55,220668.83,230676.98,241691.44,254004.73,267916.3,283598.3,301656.44,323017.2,348865.7,381426.0
70,1600.5149,2487.8005,3400.2244,4322.6772,5263.1133,6201.335,7174.7417,8152.541,9120.299,10100.921,11089.602,12110.609,13128.6,14174.887,15247.587,16305.591,17411.268,18505.006,19617.074,20757.877,21911.506,23108.658,24306.16,25532.873,26789.719,28075.465,29382.145,30703.719,32054.527,33442.984,34838.61,36238.664,37697.2,39170.39,40654.33,42158.105,43693.23,45244.566,46827.363,48422.324,50053.027,51728.215,53417.336,55155.375,56908.34,58683.234,60503.074,62356.28,64258.832,66175.5,68119.59,70123.42,72150.71,74223.25,76362.625,78546.98,80765.86,83033.875,85370.625,87742.55,90179.11,92665.01,95213.836,97869.484,100582.53,103368.766,106272.73,109286.86,112393.266,115637.84,118991.555,122486.95,126095.45,129906.52,133868.2,138011.78,142334.58,146866.23,151618.16,156527.17,161729.66,167143.42,172846.56,178855.55,185138.11,191735.3,198732.95,206016.95,213611.75,221611.48,230100.84,239396.06,249632.5,261208.83,274129.72,288670.56,305281.44,324730.88,348009.53,377104.1
71,1694.8145,2537.1135,3369.099,4237.809,5117.2324,6015.63,6913.0,7826.368,8746.57,9699.5205,10658.762,11639.498,12612.68,13602.187,14592.391,15601.148,16611.18,17657.254,18699.045,19764.465,20850.566,21962.654,23092.729,24251.855,25414.709,26606.428,27819.21,29045.363,30305.883,31583.91,32887.61,34212.43,35566.957,36930.67,38285.89,39664.29,41051.29,42439.26,43869.4,45298.113,46728.082,48183.953,49659.734,51141.785,52668.754,54206.258,55769.34,57352.133,58973.496,60611.05,62303.625,64031.348,65789.555,67587.37,69427.41,71303.2,73230.016,75209.77,77233.51,79353.805,81505.95,83737.61,86055.664,88446.92,90897.54,93448.016,96098.88,98851.555,101719.31,104728.016,107837.734,111085.47,114482.26,118048.66,121823.26,125763.12,129946.76,134313.56,138937.52,143816.38,148956.3,154439.4,160229.7,166354.73,172871.9,179827.83,187242.77,195130.98,203592.44,212560.1,222135.38,232595.08,244065.98,256767.62,271065.9,287334.53,305977.62,328117.75,355519.75,391029.84
72,1682.1312,2501.3374,3323.4387,4161.695,5009.931,5864.27,6731.0625,7610.957,8497.051,9384.76,10275.936,11190.411,12123.976,13071.036,14028.099,14996.805,15993.256,17009.688,18048.125,19098.756,20161.717,21231.814,22344.496,23457.62,24604.156,25780.164,26966.703,28176.072,29404.688,30649.15,31912.645,33201.652,34511.066,35847.78,37203.71,38591.582,39994.188,41420.863,42867.594,44315.996,45782.03,47254.844,48743.926,50262.56,51802.305,53363.414,54956.53,56561.64,58180.566,59824.38,61493.1,63193.727,64923.234,66687.55,68490.234,70311.26,72177.445,74101.305,76081.97,78108.25,80200.65,82370.81,84604.9,86915.125,89282.62,91735.84,94277.82,96952.75,99718.67,102627.555,105673.57,108841.11,112152.11,115644.46,119350.766,123214.74,127344.17,131613.98,136145.83,140911.25,145972.38,151352.52,157053.02,163133.11,169705.95,176695.94,184134.25,192087.52,200620.16,209900.22,219883.31,230880.81,243026.58,256551.06,271701.94,288734.38,308676.72,332212.4,361373.56,399535.4
73,1661.6044,2475.6587,3306.7275,4139.8843,4985.641,5835.732,6702.2363,7570.796,8439.776,9324.54,10209.248,11107.853,12031.231,12961.658,13909.27,14856.235,15827.806,16812.918,17810.492,18821.062,19862.846,20929.992,22001.832,23091.314,24178.014,25295.66,26434.654,27575.553,28734.035,29912.168,31111.91,32327.273,33582.883,34870.375,36191.81,37520.51,38877.453,40262.902,41663.527,43106.906,44566.992,46052.156,47567.746,49128.516,50708.582,52301.26,53933.516,55593.258,57291.86,59027.46,60801.195,62604.93,64413.008,66252.305,68131.39,70034.48,71980.47,73996.54,76054.34,78167.484,80349.83,82600.21,84923.7,87314.89,89782.22,92354.16,94994.3,97770.234,100626.46,103617.06,106738.92,109992.914,113392.92,116954.34,120696.29,124638.51,128753.78,133029.25,137532.44,142304.08,147387.58,152747.48,158440.03,164488.28,170919.14,177798.25,185191.53,193165.3,201872.72,211341.06,221718.12,233153.47,245839.16,260143.47,276115.62,294227.97,315118.8,339922.38,370994.8,412298.6
74,1648.6877,2464.5217,3290.8723,4134.3516,4992.5747,5854.4175,6726.3003,7623.8384,8532.595,9434.852,10362.579,11301.758,12264.758,13235.293,14222.546,15210.436,16224.211,17248.271,18284.766,19343.143,20427.16,21529.852,22650.68,23771.385,24924.45,26102.678,27308.307,28530.174,29759.982,31021.93,32298.723,33602.367,34936.438,36285.56,37655.49,39051.53,40451.188,41880.746,43330.703,44819.95,46326.363,47857.316,49411.586,50986.86,52583.92,54212.824,55864.742,57544.598,59253.547,61004.918,62797.83,64617.754,66479.875,68366.42,70301.38,72266.375,74255.95,76287.66,78376.805,80515.12,82697.91,84972.78,87327.375,89737.61,92229.27,94799.75,97483.81,100262.31,103154.414,106176.12,109327.23,112621.64,116059.07,119670.83,123472.68,127409.52,131578.98,135987.92,140606.84,145514.33,150669.12,156146.27,161980.75,168193.88,174872.72,182007.52,189658.3,197989.98,206965.02,216756.55,227519.7,239358.16,252580.9,267390.62,284043.25,302940.56,324787.06,350547.25,382453.72,424229.84
75,1654.5016,2564.3235,3463.771,4376.735,5306.652,6252.854,7214.2427,8176.3574,9153.989,10124.743,11106.837,12093.775,13072.391,14065.296,15081.197,16094.985,17121.627,18161.648,19221.32,20293.979,21363.443,22471.584,23601.979,24748.363,25924.488,27124.783,28328.604,29560.752,30833.457,32128.303,33434.957,34762.6,36126.98,37522.953,38912.668,40346.773,41797.57,43260.555,44747.7,46240.383,47748.367,49273.46,50811.305,52352.457,53953.785,55573.254,57202.004,58850.156,60528.938,62220.66,63942.414,65694.04,67481.445,69298.99,71170.83,73062.89,75005.664,76968.266,79013.84,81126.05,83283.55,85511.07,87818.89,90198.21,92662.6,95182.63,97831.13,100567.86,103444.64,106413.37,109510.555,112745.18,116144.016,119701.14,123426.016,127338.766,131494.38,135814.02,140382.89,145268.44,150417.27,155888.75,161652.94,167817.05,174375.61,181354.8,188755.83,196568.28,204847.44,213764.73,223338.02,233853.44,245469.78,258273.19,272488.56,288604.3,306845.06,328531.03,355232.7,389426.7
76,1671.4141,2504.299,3349.7144,4218.944,5091.7285,5962.1855,6857.1274,7756.6284,8647.652,9565.745,10490.408,11439.38,12403.682,13378.939,14364.739,15379.074,16410.445,17455.174,18516.188,19597.615,20705.34,21829.752,22955.22,24109.621,25284.395,26481.146,27700.848,28938.586,30203.541,31500.758,32820.273,34150.445,35520.574,36900.508,38296.492,39723.348,41166.098,42649.33,44156.234,45687.25,47245.582,48817.535,50424.63,52054.176,53706.35,55370.254,57059.55,58764.773,60496.39,62266.453,64067.48,65895.9,67764.56,69658.28,71567.555,73538.56,75544.375,77601.23,79694.32,81808.65,84007.1,86268.21,88586.305,90979.516,93450.375,96028.8,98711.78,101498.586,104387.69,107445.45,110622.94,113970.95,117447.61,121094.29,124959.87,129054.086,133332.22,137817.7,142568.81,147622.94,152964.9,158625.92,164631.17,171083.02,177962.94,185366.0,193218.61,201702.05,210791.7,220660.39,231368.75,243100.03,256013.6,270352.25,286280.03,304360.9,325153.5,349673.4,380491.88,421906.84
77,1652.9305,2496.0205,3366.692,4245.8174,5132.91,6025.5728,6936.3906,7851.949,8785.783,9731.576,10679.9,11644.114,12621.307,13626.908,14642.534,15666.38,16724.07,17777.64,18852.406,19943.914,21052.14,22188.357,23337.658,24513.125,25712.188,26931.857,28178.37,29458.82,30746.178,32057.457,33407.477,34797.49,36201.457,37615.93,39070.77,40553.016,42054.316,43586.348,45115.156,46682.117,48240.867,49820.117,51394.586,52977.1,54582.93,56215.457,57881.51,59565.496,61271.254,63011.895,64789.234,66583.164,68389.38,70240.9,72119.44,74030.805,75985.79,78012.055,80095.57,82213.734,84391.99,86633.38,88937.99,91311.47,93771.6,96323.805,98965.36,101700.55,104559.87,107564.46,110691.92,113937.67,117337.13,120910.41,124682.76,128629.56,132757.39,137173.16,141777.66,146681.25,151834.64,157264.28,163073.12,169227.05,175789.64,182770.22,190155.81,198029.86,206418.84,215439.45,225173.27,235759.88,247452.75,260398.28,274699.6,290836.06,309390.53,331486.8,358860.34,393695.53
78,1678.649,2493.6755,3303.9958,4140.3594,4981.611,5833.6187,6700.3765,7570.958,8462.306,9350.879,10254.654,11172.44,12097.367,13043.18,14003.594,14990.505,15989.746,16993.504,18015.336,19047.1,20121.67,21205.867,22296.871,23418.25,24538.768,25696.957,26888.688,28087.08,29315.885,30549.182,31807.445,33098.957,34416.367,35750.72,37082.863,38458.664,39841.777,41257.043,42682.355,44138.258,45599.676,47059.52,48543.72,50049.28,51582.57,53152.082,54735.61,56340.902,57959.805,59592.832,61264.035,62976.51,64703.633,66472.35,68282.9,70140.914,72037.55,73995.13,76005.31,78066.95,80185.59,82360.61,84643.42,87004.79,89415.65,91938.09,94569.47,97305.39,100151.67,103139.625,106279.63,109535.95,112942.07,116507.13,120237.266,124210.1,128368.08,132748.5,137337.42,142193.8,147344.25,152784.98,158554.36,164745.88,171383.89,178486.88,186102.39,194280.25,203107.0,212654.28,223054.7,234475.62,247011.8,260852.19,276323.75,293730.3,313862.97,337691.44,367732.28,407606.97
79,1564.6753,2462.0205,3361.5972,4290.768,5206.4385,6149.3784,7108.274,8083.5225,9060.799,10064.863,11064.0205,12083.584,13127.025,14176.717,15262.619,16365.042,17469.246,18603.832,19774.092,20965.672,22172.615,23421.502,24694.225,25960.129,27261.246,28603.979,29955.12,31339.812,32747.877,34169.58,35613.46,37063.504,38533.766,40038.207,41541.07,43068.207,44630.285,46196.074,47787.055,49413.65,51053.727,52742.223,54437.406,56159.59,57904.508,59698.055,61521.316,63372.617,65282.03,67216.71,69203.91,71233.8,73298.23,75402.05,77533.37,79715.94,81958.86,84210.445,86540.805,88919.92,91355.76,93848.67,96383.125,98998.29,101689.31,104442.12,107275.875,110198.87,113221.42,116359.59,119573.61,122938.67,126391.07,130007.42,133760.34,137655.98,141690.31,145909.3,150296.83,154872.44,159587.95,164462.69,169578.69,174850.78,180351.27,186038.73,191969.72,198108.58,204465.0,211130.9,218277.4,226109.11,234933.66,245076.81,256240.58,269018.66,283335.56,299594.16,318790.3,341996.84
80,1681.8181,2527.7498,3385.3594,4229.849,5090.679,5956.8843,6853.4893,7748.977,8657.359,9575.427,10512.472,11477.589,12448.555,13430.646,14428.773,15448.308,16494.812,17556.191,18631.27,19707.453,20807.662,21909.395,23034.234,24188.615,25367.605,26543.664,27773.922,29017.246,30260.123,31543.938,32831.867,34161.516,35516.777,36865.11,38277.76,39679.594,41106.49,42570.477,44034.258,45528.23,47044.492,48574.793,50120.625,51688.816,53275.297,54873.46,56499.094,58158.664,59825.863,61520.992,63224.73,64986.223,66757.86,68573.53,70419.12,72323.8,74265.21,76276.2,78339.9,80460.28,82633.875,84893.54,87188.43,89576.89,92041.11,94596.45,97246.03,100009.93,102914.4,105908.266,109030.24,112304.16,115741.96,119345.016,123103.97,127053.84,131212.47,135575.44,140139.03,144989.39,150086.1,155438.4,161203.44,167294.81,173802.56,180798.03,188316.89,196428.48,205332.52,215021.83,225671.03,237405.78,250477.2,265153.84,281618.28,300532.53,322128.78,347806.7,379287.0,421578.28
81,1578.922,2467.8196,3370.9363,4286.6396,5219.108,6157.7095,7108.8125,8072.337,9035.472,10027.248,11028.32,12062.391,13101.592,14170.825,15250.842,16356.233,17497.0,18632.525,19808.785,21002.18,22218.396,23444.36,24684.338,25932.596,27212.277,28514.748,29847.01,31185.762,32561.012,33954.125,35344.16,36774.27,38232.64,39730.215,41244.43,42784.266,44354.137,45936.047,47563.293,49204.723,50878.645,52570.965,54315.227,56065.33,57852.45,59675.84,61505.785,63389.547,65300.69,67244.68,69220.96,71235.95,73301.48,75405.95,77518.53,79663.52,81893.12,84156.086,86467.0,88840.28,91265.25,93747.54,96334.0,98958.67,101690.22,104512.69,107415.55,110438.01,113553.984,116746.32,120108.586,123571.82,127157.75,130912.44,134844.17,138929.8,143194.66,147656.75,152257.3,157126.05,162206.81,167508.81,173143.73,179017.67,185232.77,191780.72,198622.31,205835.81,213500.38,221614.36,230353.94,240031.0,250713.8,262550.03,275728.6,290630.06,307797.06,327503.78,351269.0,380568.2
82,1699.574,2495.1045,3293.016,4086.6614,4896.6763,5730.559,6563.179,7405.476,8253.455,9119.392,9984.223,10859.845,11750.431,12648.951,13552.835,14477.249,15400.106,16332.549,17312.137,18253.832,19219.057,20190.346,21212.17,22264.74,23297.781,24369.06,25467.133,26563.385,27667.537,28817.482,29975.383,31163.775,32379.02,33612.86,34862.59,36120.535,37419.473,38715.664,40047.254,41398.707,42780.24,44190.652,45609.426,47079.25,48562.652,50078.918,51625.08,53197.76,54814.83,56466.773,58137.6,59861.426,61604.895,63411.36,65254.793,67152.25,69080.59,71032.516,73058.516,75113.125,77236.23,79407.65,81636.8,83959.69,86366.95,88854.52,91425.61,94102.13,96882.016,99767.99,102776.21,105919.67,109217.266,112646.164,116198.43,119943.0,123855.31,127964.85,132257.92,136774.92,141537.98,146581.56,151976.34,157694.64,163816.95,170365.27,177452.16,185138.22,193462.52,202625.75,212727.8,224125.67,236913.95,251614.61,268721.75,288785.06,312563.12,341023.28,376724.88,425706.03
83,1561.6477,2393.311,3243.7341,4099.843,4954.0684,5815.938,6700.021,7594.574,8499.287,9418.6455,10355.588,11313.403,12270.418,13263.203,14259.989,15276.921,16335.894,17412.844,18476.158,19589.123,20721.111,21866.49,23019.32,24223.336,25434.145,26657.898,27906.521,29198.438,30513.014,31844.635,33187.5,34569.49,35948.203,37388.49,38837.547,40295.582,41786.6,43296.41,44861.086,46431.93,48022.55,49671.86,51360.22,53063.16,54798.62,56556.188,58358.344,60202.062,62078.71,63978.023,65927.83,67912.98,69962.12,72034.26,74169.125,76343.86,78574.875,80873.664,83224.33,85635.625,88132.58,90679.38,93298.875,96004.73,98785.13,101668.59,104643.0,107741.87,110924.055,114198.26,117591.66,121121.62,124798.83,128604.17,132573.34,136757.58,141112.03,145637.27,150457.72,155445.3,160670.39,166180.73,172051.33,178192.81,184611.84,191500.19,198716.84,206356.86,214432.4,223002.03,232248.5,242289.69,253258.44,265403.47,278876.34,294199.97,311791.88,332477.44,357987.0,391182.72
84,1661.2322,2466.3303,3275.2285,4090.3667,4929.2754,5767.6865,6634.114,7499.8555,8374.172,9263.199,10167.961,11087.72,12011.328,12935.231,13874.352,14843.576,15820.915,16816.0,17836.078,18855.84,19915.46,20991.15,22084.604,23218.574,24369.195,25525.17,26710.27,27908.492,29128.842,30365.357,31636.371,32921.812,34236.73,35583.87,36951.49,38335.008,39741.83,41171.38,42628.242,44111.977,45614.73,47162.85,48740.41,50331.68,51963.12,53611.402,55275.88,56965.637,58677.957,60419.293,62202.285,64016.227,65863.42,67738.02,69619.95,71546.375,73496.06,75515.52,77561.04,79677.84,81866.31,84094.45,86420.65,88800.05,91273.375,93814.89,96458.68,99216.766,102097.69,105105.75,108243.42,111525.46,114982.305,118575.055,122346.02,126293.44,130488.914,134861.1,139486.17,144389.97,149544.9,155015.73,160832.12,167061.7,173777.11,180935.36,188638.42,196938.44,205840.58,215523.28,226159.69,237833.89,250657.06,265081.84,280973.8,299069.9,319975.66,344844.53,376046.75,418089.66
85,1722.8032,2546.3672,3376.7732,4238.9976,5104.144,5984.7983,6881.246,7791.156,8703.912,9642.886,10590.102,11542.062,12497.729,13473.367,14447.392,15440.52,16451.727,17468.475,18524.047,19552.322,20586.518,21658.111,22747.006,23863.123,24992.826,26143.234,27308.361,28520.455,29749.025,30989.965,32264.13,33550.7,34865.17,36216.37,37583.047,38980.832,40396.434,41845.387,43299.89,44756.723,46234.42,47733.504,49238.637,50763.7,52329.223,53930.867,55538.324,57159.938,58811.03,60491.38,62174.594,63896.992,65651.63,67447.81,69265.164,71139.34,73059.49,75032.625,77055.56,79134.84,81282.36,83483.56,85771.5,88139.5,90579.836,93098.36,95736.45,98470.67,101305.58,104285.5,107397.57,110650.734,114045.8,117635.164,121385.78,125322.0,129488.78,133878.84,138476.44,143342.6,148481.23,153966.38,159795.14,165963.23,172532.9,179565.8,187150.83,195307.5,204141.03,213781.62,224213.42,235654.39,248426.7,262554.44,278444.84,296266.2,316655.47,340653.28,370294.62,409071.44
86,1615.6836,2461.8074,3320.5176,4189.5547,5065.4473,5950.138,6845.056,7744.7534,8660.195,9596.744,10524.809,11461.131,12422.643,13407.541,14402.028,15399.385,16428.352,17481.572,18549.463,19631.295,20733.516,21856.43,22989.158,24128.764,25287.916,26471.492,27669.21,28894.834,30130.43,31391.443,32656.234,33946.926,35261.312,36614.69,37985.04,39378.984,40800.516,42243.023,43708.53,45208.473,46714.33,48235.758,49774.977,51329.008,52923.848,54537.387,56178.19,57825.016,59492.535,61181.984,62908.32,64657.633,66442.82,68248.62,70102.04,72005.12,73965.27,75957.34,78038.086,80173.18,82380.695,84631.34,86959.39,89365.6,91875.43,94471.086,97182.555,99982.805,102897.29,105938.516,109121.95,112440.73,115933.71,119543.82,123329.7,127357.26,131549.0,135983.33,140683.81,145634.05,150840.86,156397.11,162364.88,168646.69,175314.73,182414.52,189994.47,198045.16,206727.86,216124.45,226413.52,237601.5,249988.8,263627.53,278801.72,296104.12,315977.53,339281.03,368929.5,408614.1
87,1608.0195,2435.67,3264.3914,4114.544,4976.1855,5868.3604,6772.007,7684.703,8604.913,9547.802,10492.205,11463.438,12437.342,13401.643,14393.981,15378.95,16398.863,17440.826,18485.98,19552.084,20644.215,21729.057,22822.768,23963.344,25120.215,26287.557,27499.81,28713.77,29945.451,31215.693,32507.08,33822.414,35169.625,36542.98,37928.727,39339.836,40778.883,42249.27,43736.074,45273.824,46830.434,48402.33,50018.594,51662.6,53316.047,55023.547,56753.2,58539.21,60328.793,62187.25,64081.08,66002.805,67971.11,69995.67,72046.34,74161.4,76328.83,78536.81,80819.61,83164.81,85594.63,88078.414,90663.11,93322.77,96034.836,98850.12,101780.39,104820.0,108006.21,111290.57,114699.734,118260.41,121921.23,125784.26,129774.22,133995.47,138388.45,142989.98,147871.53,152988.67,158390.16,164122.78,170076.8,176460.11,183238.4,190441.16,198022.02,206161.9,214849.03,224127.94,233999.95,244906.33,256812.78,269787.16,284364.28,300711.03,319505.4,341715.0,369219.6,404458.28
88,1660.6422,2503.5867,3336.6592,4192.3135,5054.7324,5935.4077,6822.4473,7712.5806,8606.889,9520.307,10412.513,11327.273,12264.891,13205.306,14172.969,15138.845,16109.964,17115.574,18133.146,19163.148,20206.22,21279.332,22368.586,23491.5,24616.115,25776.3,26960.191,28165.604,29389.43,30647.512,31922.904,33213.445,34529.04,35861.04,37218.473,38587.184,39980.477,41391.17,42823.65,44281.156,45743.53,47222.043,48705.703,50218.746,51763.05,53332.613,54926.008,56541.88,58183.918,59844.035,61534.176,63258.043,65007.277,66786.96,68618.1,70507.21,72429.9,74409.32,76457.0,78558.35,80716.92,82953.516,85263.13,87646.11,90116.125,92681.91,95361.86,98139.32,101029.02,104073.734,107217.984,110527.74,113982.65,117628.94,121427.88,125413.72,129641.62,134068.44,138692.72,143646.53,148873.67,154465.88,160393.39,166741.36,173491.23,180728.73,188537.45,196956.12,206188.6,216196.58,227226.66,239336.31,252765.94,267882.03,284829.88,303921.06,326174.5,352367.88,385117.0,428774.06
89,1691.9431,2548.4968,3421.773,4305.473,5210.1978,6130.595,7046.888,7990.8403,8930.497,9879.471,10849.636,11808.634,12799.586,13812.105,14816.696,15853.486,16910.215,17967.623,19043.262,20139.367,21251.613,22392.67,23541.873,24730.01,25939.24,27158.268,28397.732,29669.695,30970.797,32281.596,33627.824,34979.6,36367.71,37797.77,39258.727,40745.113,42245.07,43752.215,45285.58,46830.484,48389.473,49959.84,51544.79,53156.824,54780.15,56448.27,58131.027,59842.25,61570.027,63325.004,65107.18,66902.52,68748.91,70600.984,72496.36,74437.336,76450.61,78492.38,80597.445,82756.41,84968.234,87245.12,89602.83,92042.1,94562.34,97156.625,99841.44,102642.586,105560.6,108595.27,111745.16,115045.95,118482.06,122101.234,125916.88,129942.55,134171.56,138568.83,143255.12,148146.23,153354.2,158883.19,164690.48,170870.78,177498.67,184544.9,192083.56,200145.9,208753.88,218010.23,228036.27,239015.3,251190.33,264795.22,280061.28,297360.1,317246.5,340584.28,369662.16,407504.53
90,1682.2201,2490.391,3284.02,4098.9614,4914.6245,5755.197,6606.74,7470.9106,8342.105,9226.449,10114.764,11006.151,11903.713,12825.7,13756.268,14715.735,15688.191,16660.197,17659.088,18678.742,19717.938,20773.998,21843.783,22928.043,24048.38,25177.393,26331.885,27505.033,28686.07,29905.613,31122.064,32363.262,33641.074,34945.797,36264.79,37614.75,38977.832,40377.555,41810.07,43241.99,44707.78,46190.305,47690.074,49230.53,50747.69,52317.72,53910.625,55529.227,57171.938,58860.453,60552.746,62282.062,64046.13,65833.19,67661.875,69530.17,71454.805,73430.375,75474.98,77560.83,79684.89,81885.13,84175.73,86541.58,88989.57,91533.3,94158.234,96902.766,99760.695,102745.414,105843.93,109080.95,112494.21,116063.266,119790.61,123674.5,127778.875,132062.16,136620.42,141408.14,146422.9,151791.12,157493.06,163585.4,170111.16,177118.19,184617.81,192814.94,201679.8,211445.69,222205.42,234223.17,247654.84,262654.8,279844.47,299450.3,322372.7,349808.9,384194.2,430741.97
91,1766.9027,2420.734,3086.0818,3775.5579,4460.941,5169.4297,5888.607,6616.6323,7349.4907,8103.0835,8866.231,9618.395,10385.973,11152.1,11946.02,12723.91,13533.5205,14363.549,15209.848,16053.335,16913.709,17791.287,18705.197,19631.625,20553.408,21483.469,22443.855,23396.77,24383.086,25354.71,26348.93,27373.65,28402.277,29459.121,30519.006,31603.137,32711.9,33841.824,35017.902,36180.754,37360.61,38561.98,39789.05,41056.32,42343.15,43639.652,44992.59,46357.523,47783.543,49239.88,50715.164,52244.293,53814.76,55434.836,57090.42,58801.203,60563.117,62369.223,64239.15,66168.59,68145.16,70198.086,72314.42,74509.43,76785.22,79151.2,81608.63,84156.46,86818.055,89618.89,92527.3,95587.72,98810.34,102180.35,105710.86,109427.83,113313.06,117362.77,121662.43,126209.67,131001.25,136116.84,141548.5,147343.78,153515.34,160205.34,167344.95,175087.9,183507.47,192777.8,203170.94,214592.12,227431.23,241651.22,257831.33,276364.56,297653.6,322797.16,354283.1,396571.84
92,1679.5304,2515.0725,3364.1526,4229.256,5095.1016,5983.107,6886.2393,7800.233,8720.86,9658.978,10597.682,11550.015,12515.3955,13502.957,14471.817,15471.62,16474.223,17504.08,18554.783,19607.9,20683.496,21746.46,22842.898,23959.338,25081.523,26194.86,27343.85,28476.375,29659.414,30831.562,32047.383,33253.285,34518.375,35779.94,37041.777,38323.992,39633.684,40980.355,42355.344,43770.895,45215.023,46683.45,48179.676,49684.4,51225.22,52793.137,54388.22,56008.645,57650.85,59355.39,61076.793,62816.08,64576.297,66375.18,68183.82,70057.35,71975.93,73940.99,75965.05,78036.53,80181.65,82392.414,84669.74,87024.78,89454.56,91980.8,94612.08,97337.7,100159.15,103102.01,106181.625,109408.67,112778.55,116286.42,119957.22,123805.11,127842.85,132056.61,136483.66,141168.89,146149.84,151380.56,156947.0,162882.97,169231.83,176061.73,183407.95,191265.94,199758.6,209134.8,219419.31,230769.11,243437.14,257651.17,273762.94,292039.8,313039.3,337766.66,368527.44,408824.38
93,1603.1149,2448.0325,3302.3984,4180.2705,5056.5117,5962.402,6881.3813,7805.625,8737.534,9667.477,10626.405,11607.969,12582.219,13562.348,14584.201,15597.753,16611.064,17641.99,18699.367,19770.709,20833.049,21932.412,23043.78,24197.088,25371.186,26555.258,27761.049,29014.791,30287.229,31551.191,32849.76,34173.676,35516.51,36883.242,38266.01,39686.055,41130.824,42605.703,44084.094,45609.746,47145.07,48718.258,50310.266,51926.074,53571.234,55246.523,56956.27,58688.758,60463.29,62270.023,64108.84,66003.09,67919.47,69898.914,71896.31,73962.516,76067.1,78226.87,80434.375,82690.195,85008.8,87399.14,89880.24,92436.72,95083.43,97805.18,100637.59,103552.125,106610.375,109769.95,113038.55,116471.27,120018.586,123735.75,127598.79,131625.66,135832.4,140316.48,145028.97,149896.39,155082.64,160547.67,166272.66,172351.03,178802.97,185635.42,192787.52,200393.42,208503.0,217156.72,226546.6,236716.22,247977.42,260374.12,274059.28,289559.88,307207.94,327894.4,353167.2,385396.44
94,1695.142,2531.9888,3415.8726,4300.3936,5217.281,6134.634,7064.4937,8010.3174,8968.788,9924.105,10899.753,11888.887,12909.684,13914.508,14942.916,15990.77,17043.848,18106.58,19202.498,20295.088,21418.2,22557.682,23711.758,24877.607,26082.613,27300.941,28547.195,29808.379,31103.87,32426.346,33773.023,35135.977,36529.42,37945.793,39386.816,40849.2,42322.812,43793.66,45283.91,46767.88,48259.523,49770.6,51310.17,52877.14,54427.79,55997.957,57574.04,59190.547,60816.27,62482.508,64165.316,65874.93,67614.68,69386.48,71204.35,73073.625,74982.08,76927.664,78937.76,80993.45,83096.195,85289.73,87525.96,89836.45,92249.016,94720.234,97287.04,99956.195,102711.48,105607.945,108606.734,111777.336,115090.945,118552.68,122213.625,126040.69,130032.7,134260.67,138687.16,143357.97,148254.7,153432.64,158945.08,164717.55,170871.31,177390.48,184309.36,191729.89,199690.12,208265.06,217603.8,227758.64,238869.33,251335.45,265362.47,281215.1,299488.4,320962.22,347052.8,379692.1
95,1636.3269,2503.586,3365.33,4247.246,5124.5522,6017.1665,6929.369,7848.465,8782.466,9725.575,10682.275,11653.607,12628.826,13615.899,14627.483,15650.835,16667.475,17731.074,18813.418,19896.764,21000.04,22129.494,23286.092,24450.121,25641.838,26846.287,28073.979,29324.184,30572.07,31847.73,33147.348,34459.594,35784.387,37131.44,38482.617,39862.36,41257.49,42683.773,44136.12,45592.01,47080.348,48591.746,50134.855,51711.78,53325.902,54971.914,56638.375,58315.027,60026.082,61756.85,63513.83,65323.785,67144.0,68981.56,70853.93,72766.11,74720.2,76723.34,78768.44,80861.664,83021.31,85246.04,87538.664,89910.445,92350.43,94907.38,97550.58,100301.8,103161.64,106158.875,109246.695,112492.06,115930.97,119527.2,123301.98,127265.82,131470.22,135886.52,140564.88,145542.86,150814.08,156409.61,162361.06,168640.05,175321.56,182409.97,189865.95,197850.9,206301.9,215288.4,225062.78,235721.05,247419.48,260453.94,275060.4,291434.88,310198.22,332269.22,359360.94,393966.47
96,1668.1967,2524.6187,3420.1523,4320.6025,5216.2544,6117.665,7042.2705,7960.292,8898.489,9842.649,10807.569,11780.943,12764.083,13772.152,14793.348,15817.444,16860.473,17916.955,19003.076,20116.145,21218.875,22352.4,23497.531,24662.736,25850.98,27067.625,28295.879,29530.094,30769.268,32037.1,33324.742,34633.617,35977.188,37338.895,38719.383,40128.19,41551.92,43002.734,44485.668,45981.156,47504.96,49069.805,50668.426,52273.227,53895.363,55533.637,57179.926,58853.703,60568.613,62309.555,64066.684,65831.61,67629.11,69460.7,71332.18,73234.98,75181.555,77181.43,79227.914,81342.76,83519.95,85765.56,88091.305,90501.086,92994.03,95569.16,98244.49,101042.9,103925.64,106957.03,110121.695,113398.93,116830.61,120435.23,124217.09,128190.25,132331.03,136729.16,141353.39,146228.25,151387.16,156805.84,162592.14,168736.19,175269.86,182275.72,189767.1,197821.17,206483.6,215781.31,225854.48,236935.42,249097.61,262580.62,277662.9,294839.38,314577.25,338070.03,366970.53,404968.3
97,1720.1602,2541.9253,3356.6191,4189.4033,5033.5957,5882.2676,6741.1416,7610.0127,8484.414,9366.105,10266.029,11187.112,12124.989,13065.882,14016.061,14967.272,15936.541,16934.615,17972.504,19001.977,20055.262,21119.557,22218.047,23331.662,24481.906,25651.709,26828.723,28027.506,29241.375,30472.033,31717.127,32986.406,34298.504,35619.246,36941.875,38289.305,39678.188,41111.977,42521.297,43966.74,45423.21,46927.066,48467.215,49995.2,51565.484,53186.05,54842.17,56529.055,58216.77,59947.746,61723.426,63506.367,65342.414,67211.75,69109.195,71025.3,72972.68,74972.79,77015.945,79111.69,81269.19,83478.47,85759.13,88095.43,90521.516,93026.76,95652.414,98354.87,101182.06,104106.83,107164.81,110350.61,113700.82,117189.766,120846.54,124672.1,128672.62,132895.42,137315.33,141976.19,146908.08,152156.4,157718.62,163667.27,169966.89,176750.78,184062.97,192016.92,200642.22,210015.2,220397.3,231895.56,244727.84,259096.64,275266.5,293478.53,314384.12,339413.2,369918.72,410474.72
98,1681.1764,2486.3032,3301.9172,4116.8096,4961.8467,5809.302,6659.697,7502.018,8350.496,9223.347,10120.773,11031.835,11947.406,12876.8545,13824.331,14792.212,15779.538,16788.635,17813.238,18860.084,19918.734,21004.541,22116.416,23237.281,24384.615,25561.832,26742.371,27936.223,29154.96,30403.684,31666.115,32956.86,34248.22,35570.55,36911.3,38276.88,39667.797,41077.1,42508.203,43969.145,45456.14,46971.32,48513.805,50087.055,51676.75,53290.008,54929.055,56607.42,58301.438,60008.645,61751.332,63518.63,65325.832,67176.25,69040.805,70953.42,72933.06,74939.05,76988.54,79089.15,81233.06,83444.26,85714.19,88030.67,90453.016,92958.68,95543.95,98252.33,101075.805,104054.01,107139.45,110382.88,113772.734,117325.69,121046.305,125007.44,129170.49,133536.22,138134.73,142983.02,148138.56,153644.47,159440.05,165599.55,172136.48,179069.05,186491.17,194388.83,202890.03,212017.44,222016.47,233021.94,245045.47,258340.77,273041.84,289668.75,308763.53,331105.0,358843.03,395781.06
99,1716.5419,2577.2017,3439.8,4326.264,5209.7427,6097.326,6998.6553,7915.397,8842.943,9787.555,10749.822,11706.881,12680.491,13676.058,14669.873,15686.848,16696.777,17736.633,18789.477,19870.787,20960.297,22068.842,23187.61,24337.738,25502.3,26689.629,27895.344,29119.17,30376.348,31642.697,32923.51,34181.645,35464.125,36745.586,38035.266,39332.004,40626.17,41938.395,43254.504,44600.305,45941.76,47311.016,48703.465,50111.258,51527.848,52987.22,54455.707,55962.887,57501.477,59068.984,60675.93,62313.043,63978.37,65673.4,67425.54,69224.81,71063.57,72944.4,74884.06,76858.62,78910.484,81024.29,83192.586,85434.02,87738.734,90138.71,92653.586,95230.89,97930.03,100735.305,103664.89,106732.09,109987.98,113372.875,116932.43,120649.3,124585.945,128716.06,132985.84,137520.12,142335.38,147467.05,152819.53,158569.02,164708.77,171180.39,178110.94,185536.52,193555.4,202116.52,211328.42,221423.45,232514.77,244712.81,258364.25,273634.66,291292.7,311882.72,336954.94,368382.22
